/*
 Navicat Premium Data Transfer

 Source Server         : localhost
 Source Server Type    : MySQL
 Source Server Version : 100408
 Source Host           : 127.0.0.1:3306
 Source Schema         : computerstore

 Target Server Type    : MySQL
 Target Server Version : 100408
 File Encoding         : 65001

 Date: 15/01/2020 17:14:21
*/

SET NAMES utf8mb4;
SET FOREIGN_KEY_CHECKS = 0;

-- ----------------------------
-- Table structure for apriori
-- ----------------------------
DROP TABLE IF EXISTS `apriori`;
CREATE TABLE `apriori`  (
  `id` int(10) UNSIGNED NOT NULL AUTO_INCREMENT,
  `antecedent` text CHARACTER SET utf8mb4 COLLATE utf8mb4_unicode_ci NOT NULL,
  `consequent` text CHARACTER SET utf8mb4 COLLATE utf8mb4_unicode_ci NOT NULL,
  `support` double(8, 2) NOT NULL,
  `confidence` double(8, 2) NOT NULL,
  `created_at` timestamp(0) NULL DEFAULT NULL,
  `updated_at` timestamp(0) NULL DEFAULT NULL,
  PRIMARY KEY (`id`) USING BTREE
) ENGINE = InnoDB AUTO_INCREMENT = 382 CHARACTER SET = utf8mb4 COLLATE = utf8mb4_unicode_ci ROW_FORMAT = Dynamic;

-- ----------------------------
-- Records of apriori
-- ----------------------------
INSERT INTO `apriori` VALUES (1, '[15]', '[20]', 0.20, 0.55, '2020-01-15 16:43:22', '2020-01-15 16:43:22');
INSERT INTO `apriori` VALUES (2, '[15]', '[19]', 0.20, 0.55, '2020-01-15 16:43:22', '2020-01-15 16:43:22');
INSERT INTO `apriori` VALUES (3, '[20]', '[17]', 0.27, 0.53, '2020-01-15 16:43:22', '2020-01-15 16:43:22');
INSERT INTO `apriori` VALUES (4, '[17]', '[19]', 0.37, 0.65, '2020-01-15 16:43:22', '2020-01-15 16:43:22');
INSERT INTO `apriori` VALUES (5, '[19]', '[17]', 0.37, 0.73, '2020-01-15 16:43:22', '2020-01-15 16:43:22');
INSERT INTO `apriori` VALUES (6, '[17]', '[16]', 0.30, 0.53, '2020-01-15 16:43:22', '2020-01-15 16:43:22');
INSERT INTO `apriori` VALUES (7, '[16]', '[17]', 0.30, 0.69, '2020-01-15 16:43:22', '2020-01-15 16:43:22');
INSERT INTO `apriori` VALUES (8, '[16]', '[19]', 0.23, 0.54, '2020-01-15 16:43:22', '2020-01-15 16:43:22');
INSERT INTO `apriori` VALUES (9, '[18]', '[19]', 0.23, 0.64, '2020-01-15 16:43:22', '2020-01-15 16:43:22');
INSERT INTO `apriori` VALUES (10, '[20,15]', '[17]', 0.10, 0.50, '2020-01-15 16:43:22', '2020-01-15 16:43:22');
INSERT INTO `apriori` VALUES (11, '[17,15]', '[20]', 0.10, 0.60, '2020-01-15 16:43:22', '2020-01-15 16:43:22');
INSERT INTO `apriori` VALUES (12, '[20,15]', '[19]', 0.13, 0.67, '2020-01-15 16:43:22', '2020-01-15 16:43:22');
INSERT INTO `apriori` VALUES (13, '[19,15]', '[20]', 0.13, 0.67, '2020-01-15 16:43:23', '2020-01-15 16:43:23');
INSERT INTO `apriori` VALUES (14, '[19,20]', '[15]', 0.13, 0.67, '2020-01-15 16:43:23', '2020-01-15 16:43:23');
INSERT INTO `apriori` VALUES (15, '[17,15]', '[19]', 0.17, 1.00, '2020-01-15 16:43:23', '2020-01-15 16:43:23');
INSERT INTO `apriori` VALUES (16, '[19,15]', '[17]', 0.17, 0.83, '2020-01-15 16:43:23', '2020-01-15 16:43:23');
INSERT INTO `apriori` VALUES (17, '[17,15]', '[16]', 0.10, 0.60, '2020-01-15 16:43:23', '2020-01-15 16:43:23');
INSERT INTO `apriori` VALUES (18, '[16,15]', '[17]', 0.10, 0.75, '2020-01-15 16:43:23', '2020-01-15 16:43:23');
INSERT INTO `apriori` VALUES (19, '[19,15]', '[16]', 0.10, 0.50, '2020-01-15 16:43:23', '2020-01-15 16:43:23');
INSERT INTO `apriori` VALUES (20, '[16,15]', '[19]', 0.10, 0.75, '2020-01-15 16:43:23', '2020-01-15 16:43:23');
INSERT INTO `apriori` VALUES (21, '[17,20]', '[19]', 0.13, 0.50, '2020-01-15 16:43:23', '2020-01-15 16:43:23');
INSERT INTO `apriori` VALUES (22, '[19,20]', '[17]', 0.13, 0.67, '2020-01-15 16:43:23', '2020-01-15 16:43:23');
INSERT INTO `apriori` VALUES (23, '[16,20]', '[17]', 0.10, 0.75, '2020-01-15 16:43:23', '2020-01-15 16:43:23');
INSERT INTO `apriori` VALUES (24, '[18,20]', '[17]', 0.10, 0.60, '2020-01-15 16:43:23', '2020-01-15 16:43:23');
INSERT INTO `apriori` VALUES (25, '[18,17]', '[20]', 0.10, 0.60, '2020-01-15 16:43:23', '2020-01-15 16:43:23');
INSERT INTO `apriori` VALUES (26, '[19,20]', '[18]', 0.10, 0.50, '2020-01-15 16:43:23', '2020-01-15 16:43:23');
INSERT INTO `apriori` VALUES (27, '[18,20]', '[19]', 0.10, 0.60, '2020-01-15 16:43:23', '2020-01-15 16:43:23');
INSERT INTO `apriori` VALUES (28, '[19,17]', '[16]', 0.20, 0.55, '2020-01-15 16:43:23', '2020-01-15 16:43:23');
INSERT INTO `apriori` VALUES (29, '[16,17]', '[19]', 0.20, 0.67, '2020-01-15 16:43:23', '2020-01-15 16:43:23');
INSERT INTO `apriori` VALUES (30, '[16,19]', '[17]', 0.20, 0.86, '2020-01-15 16:43:23', '2020-01-15 16:43:23');
INSERT INTO `apriori` VALUES (31, '[18,17]', '[19]', 0.13, 0.80, '2020-01-15 16:43:23', '2020-01-15 16:43:23');
INSERT INTO `apriori` VALUES (32, '[18,19]', '[17]', 0.13, 0.57, '2020-01-15 16:43:23', '2020-01-15 16:43:23');
INSERT INTO `apriori` VALUES (33, '[18,16]', '[19]', 0.10, 1.00, '2020-01-15 16:43:23', '2020-01-15 16:43:23');
INSERT INTO `apriori` VALUES (34, '[20,15]', '[17,19]', 0.10, 0.50, '2020-01-15 16:43:23', '2020-01-15 16:43:23');
INSERT INTO `apriori` VALUES (35, '[17,15]', '[20,19]', 0.10, 0.60, '2020-01-15 16:43:23', '2020-01-15 16:43:23');
INSERT INTO `apriori` VALUES (36, '[17,20,15]', '[19]', 0.10, 1.00, '2020-01-15 16:43:23', '2020-01-15 16:43:23');
INSERT INTO `apriori` VALUES (37, '[19,15]', '[20,17]', 0.10, 0.50, '2020-01-15 16:43:23', '2020-01-15 16:43:23');
INSERT INTO `apriori` VALUES (38, '[19,20]', '[15,17]', 0.10, 0.50, '2020-01-15 16:43:23', '2020-01-15 16:43:23');
INSERT INTO `apriori` VALUES (39, '[19,20,15]', '[17]', 0.10, 0.75, '2020-01-15 16:43:23', '2020-01-15 16:43:23');
INSERT INTO `apriori` VALUES (40, '[19,17,15]', '[20]', 0.10, 0.60, '2020-01-15 16:43:23', '2020-01-15 16:43:23');
INSERT INTO `apriori` VALUES (41, '[19,17,20]', '[15]', 0.10, 0.75, '2020-01-15 16:43:23', '2020-01-15 16:43:23');
INSERT INTO `apriori` VALUES (42, '[17,15]', '[19,16]', 0.10, 0.60, '2020-01-15 16:43:23', '2020-01-15 16:43:23');
INSERT INTO `apriori` VALUES (43, '[19,15]', '[17,16]', 0.10, 0.50, '2020-01-15 16:43:23', '2020-01-15 16:43:23');
INSERT INTO `apriori` VALUES (44, '[19,17,15]', '[16]', 0.10, 0.60, '2020-01-15 16:43:23', '2020-01-15 16:43:23');
INSERT INTO `apriori` VALUES (45, '[16,15]', '[17,19]', 0.10, 0.75, '2020-01-15 16:43:23', '2020-01-15 16:43:23');
INSERT INTO `apriori` VALUES (46, '[16,17,15]', '[19]', 0.10, 1.00, '2020-01-15 16:43:23', '2020-01-15 16:43:23');
INSERT INTO `apriori` VALUES (47, '[16,19,15]', '[17]', 0.10, 1.00, '2020-01-15 16:43:23', '2020-01-15 16:43:23');
INSERT INTO `apriori` VALUES (48, '[16,19,17]', '[15]', 0.10, 0.50, '2020-01-15 16:43:23', '2020-01-15 16:43:23');
INSERT INTO `apriori` VALUES (49, '[15]', '[20]', 0.20, 0.55, '2020-01-15 16:47:08', '2020-01-15 16:47:08');
INSERT INTO `apriori` VALUES (50, '[15]', '[19]', 0.20, 0.55, '2020-01-15 16:47:08', '2020-01-15 16:47:08');
INSERT INTO `apriori` VALUES (51, '[20]', '[17]', 0.27, 0.53, '2020-01-15 16:47:08', '2020-01-15 16:47:08');
INSERT INTO `apriori` VALUES (52, '[17]', '[19]', 0.37, 0.65, '2020-01-15 16:47:08', '2020-01-15 16:47:08');
INSERT INTO `apriori` VALUES (53, '[19]', '[17]', 0.37, 0.73, '2020-01-15 16:47:08', '2020-01-15 16:47:08');
INSERT INTO `apriori` VALUES (54, '[17]', '[16]', 0.30, 0.53, '2020-01-15 16:47:08', '2020-01-15 16:47:08');
INSERT INTO `apriori` VALUES (55, '[16]', '[17]', 0.30, 0.69, '2020-01-15 16:47:08', '2020-01-15 16:47:08');
INSERT INTO `apriori` VALUES (56, '[16]', '[19]', 0.23, 0.54, '2020-01-15 16:47:08', '2020-01-15 16:47:08');
INSERT INTO `apriori` VALUES (57, '[18]', '[19]', 0.23, 0.64, '2020-01-15 16:47:09', '2020-01-15 16:47:09');
INSERT INTO `apriori` VALUES (58, '[20,15]', '[17]', 0.10, 0.50, '2020-01-15 16:47:09', '2020-01-15 16:47:09');
INSERT INTO `apriori` VALUES (59, '[17,15]', '[20]', 0.10, 0.60, '2020-01-15 16:47:09', '2020-01-15 16:47:09');
INSERT INTO `apriori` VALUES (60, '[20,15]', '[19]', 0.13, 0.67, '2020-01-15 16:47:09', '2020-01-15 16:47:09');
INSERT INTO `apriori` VALUES (61, '[19,15]', '[20]', 0.13, 0.67, '2020-01-15 16:47:09', '2020-01-15 16:47:09');
INSERT INTO `apriori` VALUES (62, '[19,20]', '[15]', 0.13, 0.67, '2020-01-15 16:47:09', '2020-01-15 16:47:09');
INSERT INTO `apriori` VALUES (63, '[17,15]', '[19]', 0.17, 1.00, '2020-01-15 16:47:09', '2020-01-15 16:47:09');
INSERT INTO `apriori` VALUES (64, '[19,15]', '[17]', 0.17, 0.83, '2020-01-15 16:47:09', '2020-01-15 16:47:09');
INSERT INTO `apriori` VALUES (65, '[17,15]', '[16]', 0.10, 0.60, '2020-01-15 16:47:09', '2020-01-15 16:47:09');
INSERT INTO `apriori` VALUES (66, '[16,15]', '[17]', 0.10, 0.75, '2020-01-15 16:47:09', '2020-01-15 16:47:09');
INSERT INTO `apriori` VALUES (67, '[19,15]', '[16]', 0.10, 0.50, '2020-01-15 16:47:09', '2020-01-15 16:47:09');
INSERT INTO `apriori` VALUES (68, '[16,15]', '[19]', 0.10, 0.75, '2020-01-15 16:47:09', '2020-01-15 16:47:09');
INSERT INTO `apriori` VALUES (69, '[17,20]', '[19]', 0.13, 0.50, '2020-01-15 16:47:09', '2020-01-15 16:47:09');
INSERT INTO `apriori` VALUES (70, '[19,20]', '[17]', 0.13, 0.67, '2020-01-15 16:47:09', '2020-01-15 16:47:09');
INSERT INTO `apriori` VALUES (71, '[16,20]', '[17]', 0.10, 0.75, '2020-01-15 16:47:09', '2020-01-15 16:47:09');
INSERT INTO `apriori` VALUES (72, '[18,20]', '[17]', 0.10, 0.60, '2020-01-15 16:47:09', '2020-01-15 16:47:09');
INSERT INTO `apriori` VALUES (73, '[18,17]', '[20]', 0.10, 0.60, '2020-01-15 16:47:09', '2020-01-15 16:47:09');
INSERT INTO `apriori` VALUES (74, '[19,20]', '[18]', 0.10, 0.50, '2020-01-15 16:47:09', '2020-01-15 16:47:09');
INSERT INTO `apriori` VALUES (75, '[18,20]', '[19]', 0.10, 0.60, '2020-01-15 16:47:09', '2020-01-15 16:47:09');
INSERT INTO `apriori` VALUES (76, '[19,17]', '[16]', 0.20, 0.55, '2020-01-15 16:47:09', '2020-01-15 16:47:09');
INSERT INTO `apriori` VALUES (77, '[16,17]', '[19]', 0.20, 0.67, '2020-01-15 16:47:09', '2020-01-15 16:47:09');
INSERT INTO `apriori` VALUES (78, '[16,19]', '[17]', 0.20, 0.86, '2020-01-15 16:47:09', '2020-01-15 16:47:09');
INSERT INTO `apriori` VALUES (79, '[18,17]', '[19]', 0.13, 0.80, '2020-01-15 16:47:09', '2020-01-15 16:47:09');
INSERT INTO `apriori` VALUES (80, '[18,19]', '[17]', 0.13, 0.57, '2020-01-15 16:47:09', '2020-01-15 16:47:09');
INSERT INTO `apriori` VALUES (81, '[18,16]', '[19]', 0.10, 1.00, '2020-01-15 16:47:09', '2020-01-15 16:47:09');
INSERT INTO `apriori` VALUES (82, '[20,15]', '[17,19]', 0.10, 0.50, '2020-01-15 16:47:09', '2020-01-15 16:47:09');
INSERT INTO `apriori` VALUES (83, '[17,15]', '[20,19]', 0.10, 0.60, '2020-01-15 16:47:09', '2020-01-15 16:47:09');
INSERT INTO `apriori` VALUES (84, '[17,20,15]', '[19]', 0.10, 1.00, '2020-01-15 16:47:09', '2020-01-15 16:47:09');
INSERT INTO `apriori` VALUES (85, '[19,15]', '[20,17]', 0.10, 0.50, '2020-01-15 16:47:09', '2020-01-15 16:47:09');
INSERT INTO `apriori` VALUES (86, '[19,20]', '[15,17]', 0.10, 0.50, '2020-01-15 16:47:09', '2020-01-15 16:47:09');
INSERT INTO `apriori` VALUES (87, '[19,20,15]', '[17]', 0.10, 0.75, '2020-01-15 16:47:09', '2020-01-15 16:47:09');
INSERT INTO `apriori` VALUES (88, '[19,17,15]', '[20]', 0.10, 0.60, '2020-01-15 16:47:09', '2020-01-15 16:47:09');
INSERT INTO `apriori` VALUES (89, '[19,17,20]', '[15]', 0.10, 0.75, '2020-01-15 16:47:09', '2020-01-15 16:47:09');
INSERT INTO `apriori` VALUES (90, '[17,15]', '[19,16]', 0.10, 0.60, '2020-01-15 16:47:09', '2020-01-15 16:47:09');
INSERT INTO `apriori` VALUES (91, '[19,15]', '[17,16]', 0.10, 0.50, '2020-01-15 16:47:09', '2020-01-15 16:47:09');
INSERT INTO `apriori` VALUES (92, '[19,17,15]', '[16]', 0.10, 0.60, '2020-01-15 16:47:09', '2020-01-15 16:47:09');
INSERT INTO `apriori` VALUES (93, '[16,15]', '[17,19]', 0.10, 0.75, '2020-01-15 16:47:09', '2020-01-15 16:47:09');
INSERT INTO `apriori` VALUES (94, '[16,17,15]', '[19]', 0.10, 1.00, '2020-01-15 16:47:09', '2020-01-15 16:47:09');
INSERT INTO `apriori` VALUES (95, '[16,19,15]', '[17]', 0.10, 1.00, '2020-01-15 16:47:09', '2020-01-15 16:47:09');
INSERT INTO `apriori` VALUES (96, '[16,19,17]', '[15]', 0.10, 0.50, '2020-01-15 16:47:09', '2020-01-15 16:47:09');
INSERT INTO `apriori` VALUES (97, '[15]', '[20]', 0.20, 0.55, '2020-01-15 16:47:35', '2020-01-15 16:47:35');
INSERT INTO `apriori` VALUES (98, '[15]', '[19]', 0.20, 0.55, '2020-01-15 16:47:35', '2020-01-15 16:47:35');
INSERT INTO `apriori` VALUES (99, '[20]', '[17]', 0.27, 0.53, '2020-01-15 16:47:35', '2020-01-15 16:47:35');
INSERT INTO `apriori` VALUES (100, '[17]', '[19]', 0.37, 0.65, '2020-01-15 16:47:35', '2020-01-15 16:47:35');
INSERT INTO `apriori` VALUES (101, '[19]', '[17]', 0.37, 0.73, '2020-01-15 16:47:35', '2020-01-15 16:47:35');
INSERT INTO `apriori` VALUES (102, '[17]', '[16]', 0.30, 0.53, '2020-01-15 16:47:35', '2020-01-15 16:47:35');
INSERT INTO `apriori` VALUES (103, '[16]', '[17]', 0.30, 0.69, '2020-01-15 16:47:35', '2020-01-15 16:47:35');
INSERT INTO `apriori` VALUES (104, '[16]', '[19]', 0.23, 0.54, '2020-01-15 16:47:35', '2020-01-15 16:47:35');
INSERT INTO `apriori` VALUES (105, '[18]', '[19]', 0.23, 0.64, '2020-01-15 16:47:35', '2020-01-15 16:47:35');
INSERT INTO `apriori` VALUES (106, '[20,15]', '[17]', 0.10, 0.50, '2020-01-15 16:47:35', '2020-01-15 16:47:35');
INSERT INTO `apriori` VALUES (107, '[17,15]', '[20]', 0.10, 0.60, '2020-01-15 16:47:35', '2020-01-15 16:47:35');
INSERT INTO `apriori` VALUES (108, '[20,15]', '[19]', 0.13, 0.67, '2020-01-15 16:47:35', '2020-01-15 16:47:35');
INSERT INTO `apriori` VALUES (109, '[19,15]', '[20]', 0.13, 0.67, '2020-01-15 16:47:35', '2020-01-15 16:47:35');
INSERT INTO `apriori` VALUES (110, '[19,20]', '[15]', 0.13, 0.67, '2020-01-15 16:47:36', '2020-01-15 16:47:36');
INSERT INTO `apriori` VALUES (111, '[17,15]', '[19]', 0.17, 1.00, '2020-01-15 16:47:36', '2020-01-15 16:47:36');
INSERT INTO `apriori` VALUES (112, '[19,15]', '[17]', 0.17, 0.83, '2020-01-15 16:47:36', '2020-01-15 16:47:36');
INSERT INTO `apriori` VALUES (113, '[17,15]', '[16]', 0.10, 0.60, '2020-01-15 16:47:36', '2020-01-15 16:47:36');
INSERT INTO `apriori` VALUES (114, '[16,15]', '[17]', 0.10, 0.75, '2020-01-15 16:47:36', '2020-01-15 16:47:36');
INSERT INTO `apriori` VALUES (115, '[19,15]', '[16]', 0.10, 0.50, '2020-01-15 16:47:36', '2020-01-15 16:47:36');
INSERT INTO `apriori` VALUES (116, '[16,15]', '[19]', 0.10, 0.75, '2020-01-15 16:47:36', '2020-01-15 16:47:36');
INSERT INTO `apriori` VALUES (117, '[17,20]', '[19]', 0.13, 0.50, '2020-01-15 16:47:36', '2020-01-15 16:47:36');
INSERT INTO `apriori` VALUES (118, '[19,20]', '[17]', 0.13, 0.67, '2020-01-15 16:47:36', '2020-01-15 16:47:36');
INSERT INTO `apriori` VALUES (119, '[16,20]', '[17]', 0.10, 0.75, '2020-01-15 16:47:36', '2020-01-15 16:47:36');
INSERT INTO `apriori` VALUES (120, '[18,20]', '[17]', 0.10, 0.60, '2020-01-15 16:47:36', '2020-01-15 16:47:36');
INSERT INTO `apriori` VALUES (121, '[18,17]', '[20]', 0.10, 0.60, '2020-01-15 16:47:36', '2020-01-15 16:47:36');
INSERT INTO `apriori` VALUES (122, '[19,20]', '[18]', 0.10, 0.50, '2020-01-15 16:47:36', '2020-01-15 16:47:36');
INSERT INTO `apriori` VALUES (123, '[18,20]', '[19]', 0.10, 0.60, '2020-01-15 16:47:36', '2020-01-15 16:47:36');
INSERT INTO `apriori` VALUES (124, '[19,17]', '[16]', 0.20, 0.55, '2020-01-15 16:47:36', '2020-01-15 16:47:36');
INSERT INTO `apriori` VALUES (125, '[16,17]', '[19]', 0.20, 0.67, '2020-01-15 16:47:36', '2020-01-15 16:47:36');
INSERT INTO `apriori` VALUES (126, '[16,19]', '[17]', 0.20, 0.86, '2020-01-15 16:47:36', '2020-01-15 16:47:36');
INSERT INTO `apriori` VALUES (127, '[18,17]', '[19]', 0.13, 0.80, '2020-01-15 16:47:36', '2020-01-15 16:47:36');
INSERT INTO `apriori` VALUES (128, '[18,19]', '[17]', 0.13, 0.57, '2020-01-15 16:47:36', '2020-01-15 16:47:36');
INSERT INTO `apriori` VALUES (129, '[18,16]', '[19]', 0.10, 1.00, '2020-01-15 16:47:36', '2020-01-15 16:47:36');
INSERT INTO `apriori` VALUES (130, '[20,15]', '[17,19]', 0.10, 0.50, '2020-01-15 16:47:36', '2020-01-15 16:47:36');
INSERT INTO `apriori` VALUES (131, '[17,15]', '[20,19]', 0.10, 0.60, '2020-01-15 16:47:36', '2020-01-15 16:47:36');
INSERT INTO `apriori` VALUES (132, '[17,20,15]', '[19]', 0.10, 1.00, '2020-01-15 16:47:36', '2020-01-15 16:47:36');
INSERT INTO `apriori` VALUES (133, '[19,15]', '[20,17]', 0.10, 0.50, '2020-01-15 16:47:36', '2020-01-15 16:47:36');
INSERT INTO `apriori` VALUES (134, '[19,20]', '[15,17]', 0.10, 0.50, '2020-01-15 16:47:36', '2020-01-15 16:47:36');
INSERT INTO `apriori` VALUES (135, '[19,20,15]', '[17]', 0.10, 0.75, '2020-01-15 16:47:36', '2020-01-15 16:47:36');
INSERT INTO `apriori` VALUES (136, '[19,17,15]', '[20]', 0.10, 0.60, '2020-01-15 16:47:36', '2020-01-15 16:47:36');
INSERT INTO `apriori` VALUES (137, '[19,17,20]', '[15]', 0.10, 0.75, '2020-01-15 16:47:36', '2020-01-15 16:47:36');
INSERT INTO `apriori` VALUES (138, '[17,15]', '[19,16]', 0.10, 0.60, '2020-01-15 16:47:36', '2020-01-15 16:47:36');
INSERT INTO `apriori` VALUES (139, '[19,15]', '[17,16]', 0.10, 0.50, '2020-01-15 16:47:36', '2020-01-15 16:47:36');
INSERT INTO `apriori` VALUES (140, '[19,17,15]', '[16]', 0.10, 0.60, '2020-01-15 16:47:36', '2020-01-15 16:47:36');
INSERT INTO `apriori` VALUES (141, '[16,15]', '[17,19]', 0.10, 0.75, '2020-01-15 16:47:36', '2020-01-15 16:47:36');
INSERT INTO `apriori` VALUES (142, '[16,17,15]', '[19]', 0.10, 1.00, '2020-01-15 16:47:36', '2020-01-15 16:47:36');
INSERT INTO `apriori` VALUES (143, '[16,19,15]', '[17]', 0.10, 1.00, '2020-01-15 16:47:36', '2020-01-15 16:47:36');
INSERT INTO `apriori` VALUES (144, '[16,19,17]', '[15]', 0.10, 0.50, '2020-01-15 16:47:36', '2020-01-15 16:47:36');
INSERT INTO `apriori` VALUES (145, '[15]', '[20]', 0.20, 0.55, '2020-01-15 16:54:20', '2020-01-15 16:54:20');
INSERT INTO `apriori` VALUES (146, '[15]', '[19]', 0.20, 0.55, '2020-01-15 16:54:20', '2020-01-15 16:54:20');
INSERT INTO `apriori` VALUES (147, '[20]', '[17]', 0.27, 0.53, '2020-01-15 16:54:20', '2020-01-15 16:54:20');
INSERT INTO `apriori` VALUES (148, '[17]', '[19]', 0.37, 0.65, '2020-01-15 16:54:20', '2020-01-15 16:54:20');
INSERT INTO `apriori` VALUES (149, '[19]', '[17]', 0.37, 0.73, '2020-01-15 16:54:20', '2020-01-15 16:54:20');
INSERT INTO `apriori` VALUES (150, '[17]', '[16]', 0.30, 0.53, '2020-01-15 16:54:20', '2020-01-15 16:54:20');
INSERT INTO `apriori` VALUES (151, '[16]', '[17]', 0.30, 0.69, '2020-01-15 16:54:20', '2020-01-15 16:54:20');
INSERT INTO `apriori` VALUES (152, '[16]', '[19]', 0.23, 0.54, '2020-01-15 16:54:21', '2020-01-15 16:54:21');
INSERT INTO `apriori` VALUES (153, '[18]', '[19]', 0.23, 0.64, '2020-01-15 16:54:21', '2020-01-15 16:54:21');
INSERT INTO `apriori` VALUES (154, '[20,15]', '[17]', 0.10, 0.50, '2020-01-15 16:54:21', '2020-01-15 16:54:21');
INSERT INTO `apriori` VALUES (155, '[17,15]', '[20]', 0.10, 0.60, '2020-01-15 16:54:21', '2020-01-15 16:54:21');
INSERT INTO `apriori` VALUES (156, '[20,15]', '[19]', 0.13, 0.67, '2020-01-15 16:54:21', '2020-01-15 16:54:21');
INSERT INTO `apriori` VALUES (157, '[19,15]', '[20]', 0.13, 0.67, '2020-01-15 16:54:21', '2020-01-15 16:54:21');
INSERT INTO `apriori` VALUES (158, '[19,20]', '[15]', 0.13, 0.67, '2020-01-15 16:54:21', '2020-01-15 16:54:21');
INSERT INTO `apriori` VALUES (159, '[17,15]', '[19]', 0.17, 1.00, '2020-01-15 16:54:21', '2020-01-15 16:54:21');
INSERT INTO `apriori` VALUES (160, '[19,15]', '[17]', 0.17, 0.83, '2020-01-15 16:54:21', '2020-01-15 16:54:21');
INSERT INTO `apriori` VALUES (161, '[17,15]', '[16]', 0.10, 0.60, '2020-01-15 16:54:21', '2020-01-15 16:54:21');
INSERT INTO `apriori` VALUES (162, '[16,15]', '[17]', 0.10, 0.75, '2020-01-15 16:54:21', '2020-01-15 16:54:21');
INSERT INTO `apriori` VALUES (163, '[19,15]', '[16]', 0.10, 0.50, '2020-01-15 16:54:21', '2020-01-15 16:54:21');
INSERT INTO `apriori` VALUES (164, '[16,15]', '[19]', 0.10, 0.75, '2020-01-15 16:54:21', '2020-01-15 16:54:21');
INSERT INTO `apriori` VALUES (165, '[17,20]', '[19]', 0.13, 0.50, '2020-01-15 16:54:21', '2020-01-15 16:54:21');
INSERT INTO `apriori` VALUES (166, '[19,20]', '[17]', 0.13, 0.67, '2020-01-15 16:54:21', '2020-01-15 16:54:21');
INSERT INTO `apriori` VALUES (167, '[16,20]', '[17]', 0.10, 0.75, '2020-01-15 16:54:21', '2020-01-15 16:54:21');
INSERT INTO `apriori` VALUES (168, '[18,20]', '[17]', 0.10, 0.60, '2020-01-15 16:54:21', '2020-01-15 16:54:21');
INSERT INTO `apriori` VALUES (169, '[18,17]', '[20]', 0.10, 0.60, '2020-01-15 16:54:21', '2020-01-15 16:54:21');
INSERT INTO `apriori` VALUES (170, '[19,20]', '[18]', 0.10, 0.50, '2020-01-15 16:54:21', '2020-01-15 16:54:21');
INSERT INTO `apriori` VALUES (171, '[18,20]', '[19]', 0.10, 0.60, '2020-01-15 16:54:21', '2020-01-15 16:54:21');
INSERT INTO `apriori` VALUES (172, '[19,17]', '[16]', 0.20, 0.55, '2020-01-15 16:54:21', '2020-01-15 16:54:21');
INSERT INTO `apriori` VALUES (173, '[16,17]', '[19]', 0.20, 0.67, '2020-01-15 16:54:21', '2020-01-15 16:54:21');
INSERT INTO `apriori` VALUES (174, '[16,19]', '[17]', 0.20, 0.86, '2020-01-15 16:54:21', '2020-01-15 16:54:21');
INSERT INTO `apriori` VALUES (175, '[18,17]', '[19]', 0.13, 0.80, '2020-01-15 16:54:21', '2020-01-15 16:54:21');
INSERT INTO `apriori` VALUES (176, '[18,19]', '[17]', 0.13, 0.57, '2020-01-15 16:54:21', '2020-01-15 16:54:21');
INSERT INTO `apriori` VALUES (177, '[18,16]', '[19]', 0.10, 1.00, '2020-01-15 16:54:21', '2020-01-15 16:54:21');
INSERT INTO `apriori` VALUES (178, '[20,15]', '[17,19]', 0.10, 0.50, '2020-01-15 16:54:21', '2020-01-15 16:54:21');
INSERT INTO `apriori` VALUES (179, '[17,15]', '[20,19]', 0.10, 0.60, '2020-01-15 16:54:21', '2020-01-15 16:54:21');
INSERT INTO `apriori` VALUES (180, '[17,20,15]', '[19]', 0.10, 1.00, '2020-01-15 16:54:21', '2020-01-15 16:54:21');
INSERT INTO `apriori` VALUES (181, '[19,15]', '[20,17]', 0.10, 0.50, '2020-01-15 16:54:21', '2020-01-15 16:54:21');
INSERT INTO `apriori` VALUES (182, '[19,20]', '[15,17]', 0.10, 0.50, '2020-01-15 16:54:21', '2020-01-15 16:54:21');
INSERT INTO `apriori` VALUES (183, '[19,20,15]', '[17]', 0.10, 0.75, '2020-01-15 16:54:21', '2020-01-15 16:54:21');
INSERT INTO `apriori` VALUES (184, '[19,17,15]', '[20]', 0.10, 0.60, '2020-01-15 16:54:21', '2020-01-15 16:54:21');
INSERT INTO `apriori` VALUES (185, '[19,17,20]', '[15]', 0.10, 0.75, '2020-01-15 16:54:21', '2020-01-15 16:54:21');
INSERT INTO `apriori` VALUES (186, '[17,15]', '[19,16]', 0.10, 0.60, '2020-01-15 16:54:21', '2020-01-15 16:54:21');
INSERT INTO `apriori` VALUES (187, '[19,15]', '[17,16]', 0.10, 0.50, '2020-01-15 16:54:21', '2020-01-15 16:54:21');
INSERT INTO `apriori` VALUES (188, '[19,17,15]', '[16]', 0.10, 0.60, '2020-01-15 16:54:21', '2020-01-15 16:54:21');
INSERT INTO `apriori` VALUES (189, '[16,15]', '[17,19]', 0.10, 0.75, '2020-01-15 16:54:21', '2020-01-15 16:54:21');
INSERT INTO `apriori` VALUES (190, '[16,17,15]', '[19]', 0.10, 1.00, '2020-01-15 16:54:21', '2020-01-15 16:54:21');
INSERT INTO `apriori` VALUES (191, '[16,19,15]', '[17]', 0.10, 1.00, '2020-01-15 16:54:21', '2020-01-15 16:54:21');
INSERT INTO `apriori` VALUES (192, '[16,19,17]', '[15]', 0.10, 0.50, '2020-01-15 16:54:21', '2020-01-15 16:54:21');
INSERT INTO `apriori` VALUES (193, '[15]', '[20]', 0.19, 0.55, '2020-01-15 16:59:36', '2020-01-15 16:59:36');
INSERT INTO `apriori` VALUES (194, '[15]', '[19]', 0.19, 0.55, '2020-01-15 16:59:36', '2020-01-15 16:59:36');
INSERT INTO `apriori` VALUES (195, '[20]', '[17]', 0.26, 0.53, '2020-01-15 16:59:36', '2020-01-15 16:59:36');
INSERT INTO `apriori` VALUES (196, '[17]', '[19]', 0.35, 0.65, '2020-01-15 16:59:36', '2020-01-15 16:59:36');
INSERT INTO `apriori` VALUES (197, '[19]', '[17]', 0.35, 0.73, '2020-01-15 16:59:36', '2020-01-15 16:59:36');
INSERT INTO `apriori` VALUES (198, '[17]', '[16]', 0.29, 0.53, '2020-01-15 16:59:36', '2020-01-15 16:59:36');
INSERT INTO `apriori` VALUES (199, '[16]', '[17]', 0.29, 0.69, '2020-01-15 16:59:36', '2020-01-15 16:59:36');
INSERT INTO `apriori` VALUES (200, '[16]', '[19]', 0.23, 0.54, '2020-01-15 16:59:36', '2020-01-15 16:59:36');
INSERT INTO `apriori` VALUES (201, '[18]', '[19]', 0.23, 0.64, '2020-01-15 16:59:36', '2020-01-15 16:59:36');
INSERT INTO `apriori` VALUES (202, '[20,15]', '[19]', 0.13, 0.67, '2020-01-15 16:59:36', '2020-01-15 16:59:36');
INSERT INTO `apriori` VALUES (203, '[19,15]', '[20]', 0.13, 0.67, '2020-01-15 16:59:36', '2020-01-15 16:59:36');
INSERT INTO `apriori` VALUES (204, '[19,20]', '[15]', 0.13, 0.67, '2020-01-15 16:59:36', '2020-01-15 16:59:36');
INSERT INTO `apriori` VALUES (205, '[17,15]', '[19]', 0.16, 1.00, '2020-01-15 16:59:36', '2020-01-15 16:59:36');
INSERT INTO `apriori` VALUES (206, '[19,15]', '[17]', 0.16, 0.83, '2020-01-15 16:59:36', '2020-01-15 16:59:36');
INSERT INTO `apriori` VALUES (207, '[17,20]', '[19]', 0.13, 0.50, '2020-01-15 16:59:36', '2020-01-15 16:59:36');
INSERT INTO `apriori` VALUES (208, '[19,20]', '[17]', 0.13, 0.67, '2020-01-15 16:59:36', '2020-01-15 16:59:36');
INSERT INTO `apriori` VALUES (209, '[19,17]', '[16]', 0.19, 0.55, '2020-01-15 16:59:36', '2020-01-15 16:59:36');
INSERT INTO `apriori` VALUES (210, '[16,17]', '[19]', 0.19, 0.67, '2020-01-15 16:59:36', '2020-01-15 16:59:36');
INSERT INTO `apriori` VALUES (211, '[16,19]', '[17]', 0.19, 0.86, '2020-01-15 16:59:36', '2020-01-15 16:59:36');
INSERT INTO `apriori` VALUES (212, '[18,17]', '[19]', 0.13, 0.80, '2020-01-15 16:59:36', '2020-01-15 16:59:36');
INSERT INTO `apriori` VALUES (213, '[18,19]', '[17]', 0.13, 0.57, '2020-01-15 16:59:36', '2020-01-15 16:59:36');
INSERT INTO `apriori` VALUES (214, '[15]', '[20]', 0.19, 0.55, '2020-01-15 17:04:22', '2020-01-15 17:04:22');
INSERT INTO `apriori` VALUES (215, '[15]', '[19]', 0.19, 0.55, '2020-01-15 17:04:22', '2020-01-15 17:04:22');
INSERT INTO `apriori` VALUES (216, '[20]', '[17]', 0.26, 0.53, '2020-01-15 17:04:22', '2020-01-15 17:04:22');
INSERT INTO `apriori` VALUES (217, '[17]', '[19]', 0.35, 0.65, '2020-01-15 17:04:22', '2020-01-15 17:04:22');
INSERT INTO `apriori` VALUES (218, '[19]', '[17]', 0.35, 0.73, '2020-01-15 17:04:23', '2020-01-15 17:04:23');
INSERT INTO `apriori` VALUES (219, '[17]', '[16]', 0.29, 0.53, '2020-01-15 17:04:23', '2020-01-15 17:04:23');
INSERT INTO `apriori` VALUES (220, '[16]', '[17]', 0.29, 0.69, '2020-01-15 17:04:23', '2020-01-15 17:04:23');
INSERT INTO `apriori` VALUES (221, '[16]', '[19]', 0.23, 0.54, '2020-01-15 17:04:23', '2020-01-15 17:04:23');
INSERT INTO `apriori` VALUES (222, '[18]', '[19]', 0.23, 0.64, '2020-01-15 17:04:23', '2020-01-15 17:04:23');
INSERT INTO `apriori` VALUES (223, '[20,15]', '[19]', 0.13, 0.67, '2020-01-15 17:04:23', '2020-01-15 17:04:23');
INSERT INTO `apriori` VALUES (224, '[19,15]', '[20]', 0.13, 0.67, '2020-01-15 17:04:23', '2020-01-15 17:04:23');
INSERT INTO `apriori` VALUES (225, '[19,20]', '[15]', 0.13, 0.67, '2020-01-15 17:04:23', '2020-01-15 17:04:23');
INSERT INTO `apriori` VALUES (226, '[17,15]', '[19]', 0.16, 1.00, '2020-01-15 17:04:23', '2020-01-15 17:04:23');
INSERT INTO `apriori` VALUES (227, '[19,15]', '[17]', 0.16, 0.83, '2020-01-15 17:04:23', '2020-01-15 17:04:23');
INSERT INTO `apriori` VALUES (228, '[17,20]', '[19]', 0.13, 0.50, '2020-01-15 17:04:23', '2020-01-15 17:04:23');
INSERT INTO `apriori` VALUES (229, '[19,20]', '[17]', 0.13, 0.67, '2020-01-15 17:04:23', '2020-01-15 17:04:23');
INSERT INTO `apriori` VALUES (230, '[19,17]', '[16]', 0.19, 0.55, '2020-01-15 17:04:23', '2020-01-15 17:04:23');
INSERT INTO `apriori` VALUES (231, '[16,17]', '[19]', 0.19, 0.67, '2020-01-15 17:04:23', '2020-01-15 17:04:23');
INSERT INTO `apriori` VALUES (232, '[16,19]', '[17]', 0.19, 0.86, '2020-01-15 17:04:23', '2020-01-15 17:04:23');
INSERT INTO `apriori` VALUES (233, '[18,17]', '[19]', 0.13, 0.80, '2020-01-15 17:04:23', '2020-01-15 17:04:23');
INSERT INTO `apriori` VALUES (234, '[18,19]', '[17]', 0.13, 0.57, '2020-01-15 17:04:23', '2020-01-15 17:04:23');
INSERT INTO `apriori` VALUES (235, '[15]', '[20]', 0.19, 0.55, '2020-01-15 17:04:23', '2020-01-15 17:04:23');
INSERT INTO `apriori` VALUES (236, '[15]', '[19]', 0.19, 0.55, '2020-01-15 17:04:23', '2020-01-15 17:04:23');
INSERT INTO `apriori` VALUES (237, '[20]', '[17]', 0.26, 0.53, '2020-01-15 17:04:23', '2020-01-15 17:04:23');
INSERT INTO `apriori` VALUES (238, '[17]', '[19]', 0.35, 0.65, '2020-01-15 17:04:23', '2020-01-15 17:04:23');
INSERT INTO `apriori` VALUES (239, '[19]', '[17]', 0.35, 0.73, '2020-01-15 17:04:23', '2020-01-15 17:04:23');
INSERT INTO `apriori` VALUES (240, '[17]', '[16]', 0.29, 0.53, '2020-01-15 17:04:23', '2020-01-15 17:04:23');
INSERT INTO `apriori` VALUES (241, '[16]', '[17]', 0.29, 0.69, '2020-01-15 17:04:23', '2020-01-15 17:04:23');
INSERT INTO `apriori` VALUES (242, '[16]', '[19]', 0.23, 0.54, '2020-01-15 17:04:23', '2020-01-15 17:04:23');
INSERT INTO `apriori` VALUES (243, '[18]', '[19]', 0.23, 0.64, '2020-01-15 17:04:23', '2020-01-15 17:04:23');
INSERT INTO `apriori` VALUES (244, '[20,15]', '[19]', 0.13, 0.67, '2020-01-15 17:04:23', '2020-01-15 17:04:23');
INSERT INTO `apriori` VALUES (245, '[19,15]', '[20]', 0.13, 0.67, '2020-01-15 17:04:23', '2020-01-15 17:04:23');
INSERT INTO `apriori` VALUES (246, '[19,20]', '[15]', 0.13, 0.67, '2020-01-15 17:04:23', '2020-01-15 17:04:23');
INSERT INTO `apriori` VALUES (247, '[17,15]', '[19]', 0.16, 1.00, '2020-01-15 17:04:23', '2020-01-15 17:04:23');
INSERT INTO `apriori` VALUES (248, '[19,15]', '[17]', 0.16, 0.83, '2020-01-15 17:04:23', '2020-01-15 17:04:23');
INSERT INTO `apriori` VALUES (249, '[17,20]', '[19]', 0.13, 0.50, '2020-01-15 17:04:23', '2020-01-15 17:04:23');
INSERT INTO `apriori` VALUES (250, '[19,20]', '[17]', 0.13, 0.67, '2020-01-15 17:04:23', '2020-01-15 17:04:23');
INSERT INTO `apriori` VALUES (251, '[19,17]', '[16]', 0.19, 0.55, '2020-01-15 17:04:23', '2020-01-15 17:04:23');
INSERT INTO `apriori` VALUES (252, '[16,17]', '[19]', 0.19, 0.67, '2020-01-15 17:04:23', '2020-01-15 17:04:23');
INSERT INTO `apriori` VALUES (253, '[16,19]', '[17]', 0.19, 0.86, '2020-01-15 17:04:23', '2020-01-15 17:04:23');
INSERT INTO `apriori` VALUES (254, '[18,17]', '[19]', 0.13, 0.80, '2020-01-15 17:04:23', '2020-01-15 17:04:23');
INSERT INTO `apriori` VALUES (255, '[18,19]', '[17]', 0.13, 0.57, '2020-01-15 17:04:23', '2020-01-15 17:04:23');
INSERT INTO `apriori` VALUES (256, '[15]', '[20]', 0.19, 0.55, '2020-01-15 17:05:14', '2020-01-15 17:05:14');
INSERT INTO `apriori` VALUES (257, '[15]', '[19]', 0.19, 0.55, '2020-01-15 17:05:14', '2020-01-15 17:05:14');
INSERT INTO `apriori` VALUES (258, '[20]', '[17]', 0.26, 0.53, '2020-01-15 17:05:14', '2020-01-15 17:05:14');
INSERT INTO `apriori` VALUES (259, '[17]', '[19]', 0.35, 0.65, '2020-01-15 17:05:14', '2020-01-15 17:05:14');
INSERT INTO `apriori` VALUES (260, '[19]', '[17]', 0.35, 0.73, '2020-01-15 17:05:14', '2020-01-15 17:05:14');
INSERT INTO `apriori` VALUES (261, '[17]', '[16]', 0.29, 0.53, '2020-01-15 17:05:14', '2020-01-15 17:05:14');
INSERT INTO `apriori` VALUES (262, '[16]', '[17]', 0.29, 0.69, '2020-01-15 17:05:14', '2020-01-15 17:05:14');
INSERT INTO `apriori` VALUES (263, '[16]', '[19]', 0.23, 0.54, '2020-01-15 17:05:14', '2020-01-15 17:05:14');
INSERT INTO `apriori` VALUES (264, '[18]', '[19]', 0.23, 0.64, '2020-01-15 17:05:14', '2020-01-15 17:05:14');
INSERT INTO `apriori` VALUES (265, '[20,15]', '[19]', 0.13, 0.67, '2020-01-15 17:05:14', '2020-01-15 17:05:14');
INSERT INTO `apriori` VALUES (266, '[19,15]', '[20]', 0.13, 0.67, '2020-01-15 17:05:14', '2020-01-15 17:05:14');
INSERT INTO `apriori` VALUES (267, '[19,20]', '[15]', 0.13, 0.67, '2020-01-15 17:05:14', '2020-01-15 17:05:14');
INSERT INTO `apriori` VALUES (268, '[17,15]', '[19]', 0.16, 1.00, '2020-01-15 17:05:14', '2020-01-15 17:05:14');
INSERT INTO `apriori` VALUES (269, '[19,15]', '[17]', 0.16, 0.83, '2020-01-15 17:05:14', '2020-01-15 17:05:14');
INSERT INTO `apriori` VALUES (270, '[17,20]', '[19]', 0.13, 0.50, '2020-01-15 17:05:14', '2020-01-15 17:05:14');
INSERT INTO `apriori` VALUES (271, '[19,20]', '[17]', 0.13, 0.67, '2020-01-15 17:05:14', '2020-01-15 17:05:14');
INSERT INTO `apriori` VALUES (272, '[19,17]', '[16]', 0.19, 0.55, '2020-01-15 17:05:14', '2020-01-15 17:05:14');
INSERT INTO `apriori` VALUES (273, '[16,17]', '[19]', 0.19, 0.67, '2020-01-15 17:05:14', '2020-01-15 17:05:14');
INSERT INTO `apriori` VALUES (274, '[16,19]', '[17]', 0.19, 0.86, '2020-01-15 17:05:14', '2020-01-15 17:05:14');
INSERT INTO `apriori` VALUES (275, '[18,17]', '[19]', 0.13, 0.80, '2020-01-15 17:05:14', '2020-01-15 17:05:14');
INSERT INTO `apriori` VALUES (276, '[18,19]', '[17]', 0.13, 0.57, '2020-01-15 17:05:14', '2020-01-15 17:05:14');
INSERT INTO `apriori` VALUES (277, '[15]', '[20]', 0.19, 0.55, '2020-01-15 17:05:24', '2020-01-15 17:05:24');
INSERT INTO `apriori` VALUES (278, '[15]', '[19]', 0.19, 0.55, '2020-01-15 17:05:24', '2020-01-15 17:05:24');
INSERT INTO `apriori` VALUES (279, '[20]', '[17]', 0.26, 0.53, '2020-01-15 17:05:24', '2020-01-15 17:05:24');
INSERT INTO `apriori` VALUES (280, '[17]', '[19]', 0.35, 0.65, '2020-01-15 17:05:24', '2020-01-15 17:05:24');
INSERT INTO `apriori` VALUES (281, '[19]', '[17]', 0.35, 0.73, '2020-01-15 17:05:24', '2020-01-15 17:05:24');
INSERT INTO `apriori` VALUES (282, '[17]', '[16]', 0.29, 0.53, '2020-01-15 17:05:24', '2020-01-15 17:05:24');
INSERT INTO `apriori` VALUES (283, '[16]', '[17]', 0.29, 0.69, '2020-01-15 17:05:24', '2020-01-15 17:05:24');
INSERT INTO `apriori` VALUES (284, '[16]', '[19]', 0.23, 0.54, '2020-01-15 17:05:24', '2020-01-15 17:05:24');
INSERT INTO `apriori` VALUES (285, '[18]', '[19]', 0.23, 0.64, '2020-01-15 17:05:24', '2020-01-15 17:05:24');
INSERT INTO `apriori` VALUES (286, '[20,15]', '[19]', 0.13, 0.67, '2020-01-15 17:05:24', '2020-01-15 17:05:24');
INSERT INTO `apriori` VALUES (287, '[19,15]', '[20]', 0.13, 0.67, '2020-01-15 17:05:24', '2020-01-15 17:05:24');
INSERT INTO `apriori` VALUES (288, '[19,20]', '[15]', 0.13, 0.67, '2020-01-15 17:05:24', '2020-01-15 17:05:24');
INSERT INTO `apriori` VALUES (289, '[17,15]', '[19]', 0.16, 1.00, '2020-01-15 17:05:24', '2020-01-15 17:05:24');
INSERT INTO `apriori` VALUES (290, '[19,15]', '[17]', 0.16, 0.83, '2020-01-15 17:05:24', '2020-01-15 17:05:24');
INSERT INTO `apriori` VALUES (291, '[17,20]', '[19]', 0.13, 0.50, '2020-01-15 17:05:24', '2020-01-15 17:05:24');
INSERT INTO `apriori` VALUES (292, '[19,20]', '[17]', 0.13, 0.67, '2020-01-15 17:05:24', '2020-01-15 17:05:24');
INSERT INTO `apriori` VALUES (293, '[19,17]', '[16]', 0.19, 0.55, '2020-01-15 17:05:24', '2020-01-15 17:05:24');
INSERT INTO `apriori` VALUES (294, '[16,17]', '[19]', 0.19, 0.67, '2020-01-15 17:05:24', '2020-01-15 17:05:24');
INSERT INTO `apriori` VALUES (295, '[16,19]', '[17]', 0.19, 0.86, '2020-01-15 17:05:24', '2020-01-15 17:05:24');
INSERT INTO `apriori` VALUES (296, '[18,17]', '[19]', 0.13, 0.80, '2020-01-15 17:05:24', '2020-01-15 17:05:24');
INSERT INTO `apriori` VALUES (297, '[18,19]', '[17]', 0.13, 0.57, '2020-01-15 17:05:24', '2020-01-15 17:05:24');
INSERT INTO `apriori` VALUES (298, '[15]', '[20]', 0.19, 0.55, '2020-01-15 17:05:27', '2020-01-15 17:05:27');
INSERT INTO `apriori` VALUES (299, '[15]', '[19]', 0.19, 0.55, '2020-01-15 17:05:27', '2020-01-15 17:05:27');
INSERT INTO `apriori` VALUES (300, '[20]', '[17]', 0.26, 0.53, '2020-01-15 17:05:27', '2020-01-15 17:05:27');
INSERT INTO `apriori` VALUES (301, '[17]', '[19]', 0.35, 0.65, '2020-01-15 17:05:27', '2020-01-15 17:05:27');
INSERT INTO `apriori` VALUES (302, '[19]', '[17]', 0.35, 0.73, '2020-01-15 17:05:27', '2020-01-15 17:05:27');
INSERT INTO `apriori` VALUES (303, '[17]', '[16]', 0.29, 0.53, '2020-01-15 17:05:27', '2020-01-15 17:05:27');
INSERT INTO `apriori` VALUES (304, '[16]', '[17]', 0.29, 0.69, '2020-01-15 17:05:27', '2020-01-15 17:05:27');
INSERT INTO `apriori` VALUES (305, '[16]', '[19]', 0.23, 0.54, '2020-01-15 17:05:27', '2020-01-15 17:05:27');
INSERT INTO `apriori` VALUES (306, '[18]', '[19]', 0.23, 0.64, '2020-01-15 17:05:27', '2020-01-15 17:05:27');
INSERT INTO `apriori` VALUES (307, '[20,15]', '[19]', 0.13, 0.67, '2020-01-15 17:05:27', '2020-01-15 17:05:27');
INSERT INTO `apriori` VALUES (308, '[19,15]', '[20]', 0.13, 0.67, '2020-01-15 17:05:27', '2020-01-15 17:05:27');
INSERT INTO `apriori` VALUES (309, '[19,20]', '[15]', 0.13, 0.67, '2020-01-15 17:05:27', '2020-01-15 17:05:27');
INSERT INTO `apriori` VALUES (310, '[17,15]', '[19]', 0.16, 1.00, '2020-01-15 17:05:27', '2020-01-15 17:05:27');
INSERT INTO `apriori` VALUES (311, '[19,15]', '[17]', 0.16, 0.83, '2020-01-15 17:05:28', '2020-01-15 17:05:28');
INSERT INTO `apriori` VALUES (312, '[17,20]', '[19]', 0.13, 0.50, '2020-01-15 17:05:28', '2020-01-15 17:05:28');
INSERT INTO `apriori` VALUES (313, '[19,20]', '[17]', 0.13, 0.67, '2020-01-15 17:05:28', '2020-01-15 17:05:28');
INSERT INTO `apriori` VALUES (314, '[19,17]', '[16]', 0.19, 0.55, '2020-01-15 17:05:28', '2020-01-15 17:05:28');
INSERT INTO `apriori` VALUES (315, '[16,17]', '[19]', 0.19, 0.67, '2020-01-15 17:05:28', '2020-01-15 17:05:28');
INSERT INTO `apriori` VALUES (316, '[16,19]', '[17]', 0.19, 0.86, '2020-01-15 17:05:28', '2020-01-15 17:05:28');
INSERT INTO `apriori` VALUES (317, '[18,17]', '[19]', 0.13, 0.80, '2020-01-15 17:05:28', '2020-01-15 17:05:28');
INSERT INTO `apriori` VALUES (318, '[18,19]', '[17]', 0.13, 0.57, '2020-01-15 17:05:28', '2020-01-15 17:05:28');
INSERT INTO `apriori` VALUES (319, '[15]', '[20]', 0.19, 0.55, '2020-01-15 17:05:55', '2020-01-15 17:05:55');
INSERT INTO `apriori` VALUES (320, '[15]', '[19]', 0.19, 0.55, '2020-01-15 17:05:55', '2020-01-15 17:05:55');
INSERT INTO `apriori` VALUES (321, '[20]', '[17]', 0.26, 0.53, '2020-01-15 17:05:55', '2020-01-15 17:05:55');
INSERT INTO `apriori` VALUES (322, '[17]', '[19]', 0.35, 0.65, '2020-01-15 17:05:55', '2020-01-15 17:05:55');
INSERT INTO `apriori` VALUES (323, '[19]', '[17]', 0.35, 0.73, '2020-01-15 17:05:55', '2020-01-15 17:05:55');
INSERT INTO `apriori` VALUES (324, '[17]', '[16]', 0.29, 0.53, '2020-01-15 17:05:55', '2020-01-15 17:05:55');
INSERT INTO `apriori` VALUES (325, '[16]', '[17]', 0.29, 0.69, '2020-01-15 17:05:55', '2020-01-15 17:05:55');
INSERT INTO `apriori` VALUES (326, '[16]', '[19]', 0.23, 0.54, '2020-01-15 17:05:55', '2020-01-15 17:05:55');
INSERT INTO `apriori` VALUES (327, '[18]', '[19]', 0.23, 0.64, '2020-01-15 17:05:55', '2020-01-15 17:05:55');
INSERT INTO `apriori` VALUES (328, '[20,15]', '[19]', 0.13, 0.67, '2020-01-15 17:05:55', '2020-01-15 17:05:55');
INSERT INTO `apriori` VALUES (329, '[19,15]', '[20]', 0.13, 0.67, '2020-01-15 17:05:55', '2020-01-15 17:05:55');
INSERT INTO `apriori` VALUES (330, '[19,20]', '[15]', 0.13, 0.67, '2020-01-15 17:05:55', '2020-01-15 17:05:55');
INSERT INTO `apriori` VALUES (331, '[17,15]', '[19]', 0.16, 1.00, '2020-01-15 17:05:55', '2020-01-15 17:05:55');
INSERT INTO `apriori` VALUES (332, '[19,15]', '[17]', 0.16, 0.83, '2020-01-15 17:05:55', '2020-01-15 17:05:55');
INSERT INTO `apriori` VALUES (333, '[17,20]', '[19]', 0.13, 0.50, '2020-01-15 17:05:55', '2020-01-15 17:05:55');
INSERT INTO `apriori` VALUES (334, '[19,20]', '[17]', 0.13, 0.67, '2020-01-15 17:05:55', '2020-01-15 17:05:55');
INSERT INTO `apriori` VALUES (335, '[19,17]', '[16]', 0.19, 0.55, '2020-01-15 17:05:55', '2020-01-15 17:05:55');
INSERT INTO `apriori` VALUES (336, '[16,17]', '[19]', 0.19, 0.67, '2020-01-15 17:05:55', '2020-01-15 17:05:55');
INSERT INTO `apriori` VALUES (337, '[16,19]', '[17]', 0.19, 0.86, '2020-01-15 17:05:55', '2020-01-15 17:05:55');
INSERT INTO `apriori` VALUES (338, '[18,17]', '[19]', 0.13, 0.80, '2020-01-15 17:05:55', '2020-01-15 17:05:55');
INSERT INTO `apriori` VALUES (339, '[18,19]', '[17]', 0.13, 0.57, '2020-01-15 17:05:55', '2020-01-15 17:05:55');
INSERT INTO `apriori` VALUES (340, '[15]', '[20]', 0.19, 0.55, '2020-01-15 17:05:57', '2020-01-15 17:05:57');
INSERT INTO `apriori` VALUES (341, '[15]', '[19]', 0.19, 0.55, '2020-01-15 17:05:57', '2020-01-15 17:05:57');
INSERT INTO `apriori` VALUES (342, '[20]', '[17]', 0.26, 0.53, '2020-01-15 17:05:57', '2020-01-15 17:05:57');
INSERT INTO `apriori` VALUES (343, '[17]', '[19]', 0.35, 0.65, '2020-01-15 17:05:57', '2020-01-15 17:05:57');
INSERT INTO `apriori` VALUES (344, '[19]', '[17]', 0.35, 0.73, '2020-01-15 17:05:57', '2020-01-15 17:05:57');
INSERT INTO `apriori` VALUES (345, '[17]', '[16]', 0.29, 0.53, '2020-01-15 17:05:57', '2020-01-15 17:05:57');
INSERT INTO `apriori` VALUES (346, '[16]', '[17]', 0.29, 0.69, '2020-01-15 17:05:57', '2020-01-15 17:05:57');
INSERT INTO `apriori` VALUES (347, '[16]', '[19]', 0.23, 0.54, '2020-01-15 17:05:57', '2020-01-15 17:05:57');
INSERT INTO `apriori` VALUES (348, '[18]', '[19]', 0.23, 0.64, '2020-01-15 17:05:57', '2020-01-15 17:05:57');
INSERT INTO `apriori` VALUES (349, '[20,15]', '[19]', 0.13, 0.67, '2020-01-15 17:05:57', '2020-01-15 17:05:57');
INSERT INTO `apriori` VALUES (350, '[19,15]', '[20]', 0.13, 0.67, '2020-01-15 17:05:57', '2020-01-15 17:05:57');
INSERT INTO `apriori` VALUES (351, '[19,20]', '[15]', 0.13, 0.67, '2020-01-15 17:05:57', '2020-01-15 17:05:57');
INSERT INTO `apriori` VALUES (352, '[17,15]', '[19]', 0.16, 1.00, '2020-01-15 17:05:57', '2020-01-15 17:05:57');
INSERT INTO `apriori` VALUES (353, '[19,15]', '[17]', 0.16, 0.83, '2020-01-15 17:05:57', '2020-01-15 17:05:57');
INSERT INTO `apriori` VALUES (354, '[17,20]', '[19]', 0.13, 0.50, '2020-01-15 17:05:57', '2020-01-15 17:05:57');
INSERT INTO `apriori` VALUES (355, '[19,20]', '[17]', 0.13, 0.67, '2020-01-15 17:05:57', '2020-01-15 17:05:57');
INSERT INTO `apriori` VALUES (356, '[19,17]', '[16]', 0.19, 0.55, '2020-01-15 17:05:57', '2020-01-15 17:05:57');
INSERT INTO `apriori` VALUES (357, '[16,17]', '[19]', 0.19, 0.67, '2020-01-15 17:05:57', '2020-01-15 17:05:57');
INSERT INTO `apriori` VALUES (358, '[16,19]', '[17]', 0.19, 0.86, '2020-01-15 17:05:57', '2020-01-15 17:05:57');
INSERT INTO `apriori` VALUES (359, '[18,17]', '[19]', 0.13, 0.80, '2020-01-15 17:05:57', '2020-01-15 17:05:57');
INSERT INTO `apriori` VALUES (360, '[18,19]', '[17]', 0.13, 0.57, '2020-01-15 17:05:57', '2020-01-15 17:05:57');
INSERT INTO `apriori` VALUES (361, '[15]', '[20]', 0.19, 0.55, '2020-01-15 17:06:17', '2020-01-15 17:06:17');
INSERT INTO `apriori` VALUES (362, '[15]', '[19]', 0.19, 0.55, '2020-01-15 17:06:17', '2020-01-15 17:06:17');
INSERT INTO `apriori` VALUES (363, '[20]', '[17]', 0.26, 0.53, '2020-01-15 17:06:17', '2020-01-15 17:06:17');
INSERT INTO `apriori` VALUES (364, '[17]', '[19]', 0.35, 0.65, '2020-01-15 17:06:17', '2020-01-15 17:06:17');
INSERT INTO `apriori` VALUES (365, '[19]', '[17]', 0.35, 0.73, '2020-01-15 17:06:18', '2020-01-15 17:06:18');
INSERT INTO `apriori` VALUES (366, '[17]', '[16]', 0.29, 0.53, '2020-01-15 17:06:18', '2020-01-15 17:06:18');
INSERT INTO `apriori` VALUES (367, '[16]', '[17]', 0.29, 0.69, '2020-01-15 17:06:18', '2020-01-15 17:06:18');
INSERT INTO `apriori` VALUES (368, '[16]', '[19]', 0.23, 0.54, '2020-01-15 17:06:18', '2020-01-15 17:06:18');
INSERT INTO `apriori` VALUES (369, '[18]', '[19]', 0.23, 0.64, '2020-01-15 17:06:18', '2020-01-15 17:06:18');
INSERT INTO `apriori` VALUES (370, '[20,15]', '[19]', 0.13, 0.67, '2020-01-15 17:06:18', '2020-01-15 17:06:18');
INSERT INTO `apriori` VALUES (371, '[19,15]', '[20]', 0.13, 0.67, '2020-01-15 17:06:18', '2020-01-15 17:06:18');
INSERT INTO `apriori` VALUES (372, '[19,20]', '[15]', 0.13, 0.67, '2020-01-15 17:06:18', '2020-01-15 17:06:18');
INSERT INTO `apriori` VALUES (373, '[17,15]', '[19]', 0.16, 1.00, '2020-01-15 17:06:18', '2020-01-15 17:06:18');
INSERT INTO `apriori` VALUES (374, '[19,15]', '[17]', 0.16, 0.83, '2020-01-15 17:06:18', '2020-01-15 17:06:18');
INSERT INTO `apriori` VALUES (375, '[17,20]', '[19]', 0.13, 0.50, '2020-01-15 17:06:18', '2020-01-15 17:06:18');
INSERT INTO `apriori` VALUES (376, '[19,20]', '[17]', 0.13, 0.67, '2020-01-15 17:06:18', '2020-01-15 17:06:18');
INSERT INTO `apriori` VALUES (377, '[19,17]', '[16]', 0.19, 0.55, '2020-01-15 17:06:18', '2020-01-15 17:06:18');
INSERT INTO `apriori` VALUES (378, '[16,17]', '[19]', 0.19, 0.67, '2020-01-15 17:06:18', '2020-01-15 17:06:18');
INSERT INTO `apriori` VALUES (379, '[16,19]', '[17]', 0.19, 0.86, '2020-01-15 17:06:18', '2020-01-15 17:06:18');
INSERT INTO `apriori` VALUES (380, '[18,17]', '[19]', 0.13, 0.80, '2020-01-15 17:06:18', '2020-01-15 17:06:18');
INSERT INTO `apriori` VALUES (381, '[18,19]', '[17]', 0.13, 0.57, '2020-01-15 17:06:18', '2020-01-15 17:06:18');

-- ----------------------------
-- Table structure for brands
-- ----------------------------
DROP TABLE IF EXISTS `brands`;
CREATE TABLE `brands`  (
  `id` int(10) UNSIGNED NOT NULL AUTO_INCREMENT,
  `code` varchar(191) CHARACTER SET utf8mb4 COLLATE utf8mb4_unicode_ci NOT NULL,
  `name` varchar(191) CHARACTER SET utf8mb4 COLLATE utf8mb4_unicode_ci NOT NULL,
  `image` text CHARACTER SET utf8mb4 COLLATE utf8mb4_unicode_ci NULL,
  `created_at` timestamp(0) NULL DEFAULT NULL,
  `updated_at` timestamp(0) NULL DEFAULT NULL,
  PRIMARY KEY (`id`) USING BTREE,
  UNIQUE INDEX `brands_code_unique`(`code`) USING BTREE,
  UNIQUE INDEX `brands_name_unique`(`name`) USING BTREE
) ENGINE = InnoDB AUTO_INCREMENT = 11 CHARACTER SET = utf8mb4 COLLATE = utf8mb4_unicode_ci ROW_FORMAT = Dynamic;

-- ----------------------------
-- Records of brands
-- ----------------------------
INSERT INTO `brands` VALUES (1, 'code6611', 'Russel', 'https://lorempixel.com/210/210/technics/?89945', '2020-01-15 16:14:14', '2020-01-15 16:14:14');
INSERT INTO `brands` VALUES (2, 'code1160', 'Konopelski', 'https://lorempixel.com/210/210/technics/?13580', '2020-01-15 16:14:14', '2020-01-15 16:14:14');
INSERT INTO `brands` VALUES (3, 'code4278', 'McDermott', 'https://lorempixel.com/210/210/technics/?56167', '2020-01-15 16:14:14', '2020-01-15 16:14:14');
INSERT INTO `brands` VALUES (4, 'code8923', 'Legros', 'https://lorempixel.com/210/210/technics/?16711', '2020-01-15 16:14:14', '2020-01-15 16:14:14');
INSERT INTO `brands` VALUES (5, 'code4997', 'Prohaska', 'https://lorempixel.com/210/210/technics/?18892', '2020-01-15 16:14:14', '2020-01-15 16:14:14');
INSERT INTO `brands` VALUES (6, 'code4251', 'Breitenberg', 'https://lorempixel.com/210/210/technics/?70544', '2020-01-15 16:14:14', '2020-01-15 16:14:14');
INSERT INTO `brands` VALUES (7, 'code2147', 'McGlynn', 'https://lorempixel.com/210/210/technics/?27749', '2020-01-15 16:14:14', '2020-01-15 16:14:14');
INSERT INTO `brands` VALUES (8, 'code3142', 'Koch', 'https://lorempixel.com/210/210/technics/?20252', '2020-01-15 16:14:14', '2020-01-15 16:14:14');
INSERT INTO `brands` VALUES (9, 'code7017', 'Shanahan', 'https://lorempixel.com/210/210/technics/?69415', '2020-01-15 16:14:14', '2020-01-15 16:14:14');
INSERT INTO `brands` VALUES (10, 'code1192', 'Crooks', 'https://lorempixel.com/210/210/technics/?99729', '2020-01-15 16:14:14', '2020-01-15 16:14:14');

-- ----------------------------
-- Table structure for catagories
-- ----------------------------
DROP TABLE IF EXISTS `catagories`;
CREATE TABLE `catagories`  (
  `id` int(10) UNSIGNED NOT NULL AUTO_INCREMENT,
  `code` varchar(191) CHARACTER SET utf8mb4 COLLATE utf8mb4_unicode_ci NOT NULL,
  `name` varchar(191) CHARACTER SET utf8mb4 COLLATE utf8mb4_unicode_ci NOT NULL,
  `image` text CHARACTER SET utf8mb4 COLLATE utf8mb4_unicode_ci NULL,
  `created_at` timestamp(0) NULL DEFAULT NULL,
  `updated_at` timestamp(0) NULL DEFAULT NULL,
  PRIMARY KEY (`id`) USING BTREE,
  UNIQUE INDEX `catagories_code_unique`(`code`) USING BTREE,
  UNIQUE INDEX `catagories_name_unique`(`name`) USING BTREE
) ENGINE = InnoDB AUTO_INCREMENT = 5 CHARACTER SET = utf8mb4 COLLATE = utf8mb4_unicode_ci ROW_FORMAT = Dynamic;

-- ----------------------------
-- Records of catagories
-- ----------------------------
INSERT INTO `catagories` VALUES (1, '1', 'Laptops', 'assets/img/categorie/categorie.png', '2019-02-27 15:12:52', NULL);
INSERT INTO `catagories` VALUES (2, '2', 'Computer', 'assets/img/categorie/categorie.png', '2019-02-27 15:12:52', NULL);
INSERT INTO `catagories` VALUES (3, '3', 'Accessories', 'assets/img/categorie/categorie.png', '2019-02-27 15:12:52', NULL);
INSERT INTO `catagories` VALUES (4, '4', 'Tablet', 'assets/img/categorie/categorie.png', '2019-02-27 15:12:52', NULL);

-- ----------------------------
-- Table structure for kmeans
-- ----------------------------
DROP TABLE IF EXISTS `kmeans`;
CREATE TABLE `kmeans`  (
  `id` int(10) UNSIGNED NOT NULL AUTO_INCREMENT,
  `product_id` int(11) NOT NULL,
  `price` double NOT NULL,
  `warranty` int(11) NOT NULL,
  `brand_id` int(11) NOT NULL,
  `catagory_id` int(11) NOT NULL,
  `group` int(11) NOT NULL,
  `created_at` timestamp(0) NULL DEFAULT NULL,
  `updated_at` timestamp(0) NULL DEFAULT NULL,
  PRIMARY KEY (`id`) USING BTREE
) ENGINE = InnoDB AUTO_INCREMENT = 401 CHARACTER SET = utf8mb4 COLLATE = utf8mb4_unicode_ci ROW_FORMAT = Dynamic;

-- ----------------------------
-- Records of kmeans
-- ----------------------------
INSERT INTO `kmeans` VALUES (1, 1, 1336.9593, 249, 1, 1, 0, NULL, NULL);
INSERT INTO `kmeans` VALUES (2, 14, 1358.467, 273, 2, 2, 0, NULL, NULL);
INSERT INTO `kmeans` VALUES (3, 18, 1313, 228, 1, 1, 0, NULL, NULL);
INSERT INTO `kmeans` VALUES (4, 4, 1065.721, 354, 2, 2, 1, NULL, NULL);
INSERT INTO `kmeans` VALUES (5, 19, 1041, 334, 1, 1, 1, NULL, NULL);
INSERT INTO `kmeans` VALUES (6, 2, 1402, 74, 2, 2, 2, NULL, NULL);
INSERT INTO `kmeans` VALUES (7, 50, 1392.492379, 109, 2, 2, 2, NULL, NULL);
INSERT INTO `kmeans` VALUES (8, 5, 1964.1859, 29, 1, 1, 3, NULL, NULL);
INSERT INTO `kmeans` VALUES (9, 34, 1921.1627, 23, 3, 3, 3, NULL, NULL);
INSERT INTO `kmeans` VALUES (10, 44, 1987.63699, 28, 3, 3, 3, NULL, NULL);
INSERT INTO `kmeans` VALUES (11, 10, 1599, 273, 3, 3, 4, NULL, NULL);
INSERT INTO `kmeans` VALUES (12, 33, 1026.981608, 134, 2, 2, 5, NULL, NULL);
INSERT INTO `kmeans` VALUES (13, 48, 1094.963, 182, 2, 2, 5, NULL, NULL);
INSERT INTO `kmeans` VALUES (14, 13, 1784.2212, 229, 1, 1, 6, NULL, NULL);
INSERT INTO `kmeans` VALUES (15, 23, 1810.38, 166, 2, 2, 6, NULL, NULL);
INSERT INTO `kmeans` VALUES (16, 42, 1773.549732647, 159, 2, 2, 6, NULL, NULL);
INSERT INTO `kmeans` VALUES (17, 38, 1852.2417438, 54, 3, 3, 7, NULL, NULL);
INSERT INTO `kmeans` VALUES (18, 7, 1602.2352, 53, 2, 2, 8, NULL, NULL);
INSERT INTO `kmeans` VALUES (19, 41, 1027.824, 271, 3, 3, 9, NULL, NULL);
INSERT INTO `kmeans` VALUES (20, 15, 1525.754454, 138, 3, 3, 10, NULL, NULL);
INSERT INTO `kmeans` VALUES (21, 27, 1483.555138802, 141, 3, 3, 10, NULL, NULL);
INSERT INTO `kmeans` VALUES (22, 31, 1211.4105, 226, 2, 2, 11, NULL, NULL);
INSERT INTO `kmeans` VALUES (23, 39, 1143.587, 219, 3, 3, 11, NULL, NULL);
INSERT INTO `kmeans` VALUES (24, 46, 1164.4101, 246, 2, 2, 11, NULL, NULL);
INSERT INTO `kmeans` VALUES (25, 25, 1698.055842751, 272, 1, 1, 12, NULL, NULL);
INSERT INTO `kmeans` VALUES (26, 29, 1698.61, 276, 2, 2, 12, NULL, NULL);
INSERT INTO `kmeans` VALUES (27, 30, 1749.46, 255, 2, 2, 12, NULL, NULL);
INSERT INTO `kmeans` VALUES (28, 22, 1962.257, 286, 2, 2, 13, NULL, NULL);
INSERT INTO `kmeans` VALUES (29, 49, 1996, 290, 1, 1, 13, NULL, NULL);
INSERT INTO `kmeans` VALUES (30, 11, 1209.453, 131, 3, 3, 14, NULL, NULL);
INSERT INTO `kmeans` VALUES (31, 32, 1223.3346935, 100, 1, 1, 14, NULL, NULL);
INSERT INTO `kmeans` VALUES (32, 47, 1273.22567, 135, 3, 3, 14, NULL, NULL);
INSERT INTO `kmeans` VALUES (33, 12, 1008.0532, 238, 3, 3, 15, NULL, NULL);
INSERT INTO `kmeans` VALUES (34, 3, 1703.97, 126, 2, 2, 16, NULL, NULL);
INSERT INTO `kmeans` VALUES (35, 24, 1679.2, 118, 1, 1, 16, NULL, NULL);
INSERT INTO `kmeans` VALUES (36, 8, 1403.9, 235, 1, 1, 17, NULL, NULL);
INSERT INTO `kmeans` VALUES (37, 28, 1144.701, 330, 3, 3, 18, NULL, NULL);
INSERT INTO `kmeans` VALUES (38, 6, 1141, 137, 1, 1, 19, NULL, NULL);
INSERT INTO `kmeans` VALUES (39, 37, 1145.14632902, 54, 3, 3, 20, NULL, NULL);
INSERT INTO `kmeans` VALUES (40, 36, 1111.8833, 276, 2, 2, 21, NULL, NULL);
INSERT INTO `kmeans` VALUES (41, 17, 1326.56230374, 258, 2, 2, 22, NULL, NULL);
INSERT INTO `kmeans` VALUES (42, 35, 1698.9867, 229, 3, 3, 23, NULL, NULL);
INSERT INTO `kmeans` VALUES (43, 21, 1121.87901238, 80, 3, 3, 24, NULL, NULL);
INSERT INTO `kmeans` VALUES (44, 43, 1265.0875, 311, 3, 3, 25, NULL, NULL);
INSERT INTO `kmeans` VALUES (45, 45, 1243.647522406, 287, 2, 2, 25, NULL, NULL);
INSERT INTO `kmeans` VALUES (46, 9, 1730, 55, 1, 1, 26, NULL, NULL);
INSERT INTO `kmeans` VALUES (47, 20, 1390.514, 181, 2, 2, 27, NULL, NULL);
INSERT INTO `kmeans` VALUES (48, 26, 1361.3204, 146, 3, 3, 27, NULL, NULL);
INSERT INTO `kmeans` VALUES (49, 40, 1884.9, 258, 3, 3, 28, NULL, NULL);
INSERT INTO `kmeans` VALUES (50, 16, 1022.702, 33, 2, 2, 29, NULL, NULL);
INSERT INTO `kmeans` VALUES (51, 14, 1358.467, 273, 2, 2, 0, NULL, NULL);
INSERT INTO `kmeans` VALUES (52, 40, 1884.9, 258, 3, 3, 1, NULL, NULL);
INSERT INTO `kmeans` VALUES (53, 33, 1026.981608, 134, 2, 2, 2, NULL, NULL);
INSERT INTO `kmeans` VALUES (54, 48, 1094.963, 182, 2, 2, 2, NULL, NULL);
INSERT INTO `kmeans` VALUES (55, 6, 1141, 137, 1, 1, 3, NULL, NULL);
INSERT INTO `kmeans` VALUES (56, 2, 1402, 74, 2, 2, 4, NULL, NULL);
INSERT INTO `kmeans` VALUES (57, 50, 1392.492379, 109, 2, 2, 4, NULL, NULL);
INSERT INTO `kmeans` VALUES (58, 7, 1602.2352, 53, 2, 2, 5, NULL, NULL);
INSERT INTO `kmeans` VALUES (59, 15, 1525.754454, 138, 3, 3, 5, NULL, NULL);
INSERT INTO `kmeans` VALUES (60, 27, 1483.555138802, 141, 3, 3, 5, NULL, NULL);
INSERT INTO `kmeans` VALUES (61, 3, 1703.97, 126, 2, 2, 6, NULL, NULL);
INSERT INTO `kmeans` VALUES (62, 9, 1730, 55, 1, 1, 6, NULL, NULL);
INSERT INTO `kmeans` VALUES (63, 24, 1679.2, 118, 1, 1, 6, NULL, NULL);
INSERT INTO `kmeans` VALUES (64, 22, 1962.257, 286, 2, 2, 7, NULL, NULL);
INSERT INTO `kmeans` VALUES (65, 5, 1964.1859, 29, 1, 1, 8, NULL, NULL);
INSERT INTO `kmeans` VALUES (66, 34, 1921.1627, 23, 3, 3, 8, NULL, NULL);
INSERT INTO `kmeans` VALUES (67, 44, 1987.63699, 28, 3, 3, 8, NULL, NULL);
INSERT INTO `kmeans` VALUES (68, 11, 1209.453, 131, 3, 3, 9, NULL, NULL);
INSERT INTO `kmeans` VALUES (69, 32, 1223.3346935, 100, 1, 1, 9, NULL, NULL);
INSERT INTO `kmeans` VALUES (70, 21, 1121.87901238, 80, 3, 3, 10, NULL, NULL);
INSERT INTO `kmeans` VALUES (71, 37, 1145.14632902, 54, 3, 3, 10, NULL, NULL);
INSERT INTO `kmeans` VALUES (72, 28, 1144.701, 330, 3, 3, 11, NULL, NULL);
INSERT INTO `kmeans` VALUES (73, 36, 1111.8833, 276, 2, 2, 11, NULL, NULL);
INSERT INTO `kmeans` VALUES (74, 25, 1698.055842751, 272, 1, 1, 12, NULL, NULL);
INSERT INTO `kmeans` VALUES (75, 29, 1698.61, 276, 2, 2, 12, NULL, NULL);
INSERT INTO `kmeans` VALUES (76, 35, 1698.9867, 229, 3, 3, 12, NULL, NULL);
INSERT INTO `kmeans` VALUES (77, 18, 1313, 228, 1, 1, 13, NULL, NULL);
INSERT INTO `kmeans` VALUES (78, 43, 1265.0875, 311, 3, 3, 14, NULL, NULL);
INSERT INTO `kmeans` VALUES (79, 45, 1243.647522406, 287, 2, 2, 14, NULL, NULL);
INSERT INTO `kmeans` VALUES (80, 8, 1403.9, 235, 1, 1, 15, NULL, NULL);
INSERT INTO `kmeans` VALUES (81, 20, 1390.514, 181, 2, 2, 15, NULL, NULL);
INSERT INTO `kmeans` VALUES (82, 31, 1211.4105, 226, 2, 2, 16, NULL, NULL);
INSERT INTO `kmeans` VALUES (83, 13, 1784.2212, 229, 1, 1, 17, NULL, NULL);
INSERT INTO `kmeans` VALUES (84, 30, 1749.46, 255, 2, 2, 17, NULL, NULL);
INSERT INTO `kmeans` VALUES (85, 49, 1996, 290, 1, 1, 18, NULL, NULL);
INSERT INTO `kmeans` VALUES (86, 41, 1027.824, 271, 3, 3, 19, NULL, NULL);
INSERT INTO `kmeans` VALUES (87, 47, 1273.22567, 135, 3, 3, 20, NULL, NULL);
INSERT INTO `kmeans` VALUES (88, 10, 1599, 273, 3, 3, 21, NULL, NULL);
INSERT INTO `kmeans` VALUES (89, 38, 1852.2417438, 54, 3, 3, 22, NULL, NULL);
INSERT INTO `kmeans` VALUES (90, 17, 1326.56230374, 258, 2, 2, 23, NULL, NULL);
INSERT INTO `kmeans` VALUES (91, 1, 1336.9593, 249, 1, 1, 23, NULL, NULL);
INSERT INTO `kmeans` VALUES (92, 39, 1143.587, 219, 3, 3, 24, NULL, NULL);
INSERT INTO `kmeans` VALUES (93, 46, 1164.4101, 246, 2, 2, 24, NULL, NULL);
INSERT INTO `kmeans` VALUES (94, 12, 1008.0532, 238, 3, 3, 25, NULL, NULL);
INSERT INTO `kmeans` VALUES (95, 4, 1065.721, 354, 2, 2, 26, NULL, NULL);
INSERT INTO `kmeans` VALUES (96, 19, 1041, 334, 1, 1, 26, NULL, NULL);
INSERT INTO `kmeans` VALUES (97, 16, 1022.702, 33, 2, 2, 27, NULL, NULL);
INSERT INTO `kmeans` VALUES (98, 23, 1810.38, 166, 2, 2, 28, NULL, NULL);
INSERT INTO `kmeans` VALUES (99, 42, 1773.549732647, 159, 2, 2, 28, NULL, NULL);
INSERT INTO `kmeans` VALUES (100, 26, 1361.3204, 146, 3, 3, 29, NULL, NULL);
INSERT INTO `kmeans` VALUES (101, 1, 1336.9593, 249, 1, 1, 0, NULL, NULL);
INSERT INTO `kmeans` VALUES (102, 17, 1326.56230374, 258, 2, 2, 0, NULL, NULL);
INSERT INTO `kmeans` VALUES (103, 34, 1921.1627, 23, 3, 3, 1, NULL, NULL);
INSERT INTO `kmeans` VALUES (104, 38, 1852.2417438, 54, 3, 3, 1, NULL, NULL);
INSERT INTO `kmeans` VALUES (105, 15, 1525.754454, 138, 3, 3, 2, NULL, NULL);
INSERT INTO `kmeans` VALUES (106, 6, 1141, 137, 1, 1, 3, NULL, NULL);
INSERT INTO `kmeans` VALUES (107, 33, 1026.981608, 134, 2, 2, 3, NULL, NULL);
INSERT INTO `kmeans` VALUES (108, 48, 1094.963, 182, 2, 2, 3, NULL, NULL);
INSERT INTO `kmeans` VALUES (109, 25, 1698.055842751, 272, 1, 1, 4, NULL, NULL);
INSERT INTO `kmeans` VALUES (110, 29, 1698.61, 276, 2, 2, 4, NULL, NULL);
INSERT INTO `kmeans` VALUES (111, 35, 1698.9867, 229, 3, 3, 4, NULL, NULL);
INSERT INTO `kmeans` VALUES (112, 27, 1483.555138802, 141, 3, 3, 5, NULL, NULL);
INSERT INTO `kmeans` VALUES (113, 28, 1144.701, 330, 3, 3, 6, NULL, NULL);
INSERT INTO `kmeans` VALUES (114, 30, 1749.46, 255, 2, 2, 7, NULL, NULL);
INSERT INTO `kmeans` VALUES (115, 10, 1599, 273, 3, 3, 8, NULL, NULL);
INSERT INTO `kmeans` VALUES (116, 3, 1703.97, 126, 2, 2, 9, NULL, NULL);
INSERT INTO `kmeans` VALUES (117, 24, 1679.2, 118, 1, 1, 9, NULL, NULL);
INSERT INTO `kmeans` VALUES (118, 42, 1773.549732647, 159, 2, 2, 10, NULL, NULL);
INSERT INTO `kmeans` VALUES (119, 21, 1121.87901238, 80, 3, 3, 11, NULL, NULL);
INSERT INTO `kmeans` VALUES (120, 37, 1145.14632902, 54, 3, 3, 11, NULL, NULL);
INSERT INTO `kmeans` VALUES (121, 7, 1602.2352, 53, 2, 2, 12, NULL, NULL);
INSERT INTO `kmeans` VALUES (122, 47, 1273.22567, 135, 3, 3, 13, NULL, NULL);
INSERT INTO `kmeans` VALUES (123, 22, 1962.257, 286, 2, 2, 14, NULL, NULL);
INSERT INTO `kmeans` VALUES (124, 40, 1884.9, 258, 3, 3, 14, NULL, NULL);
INSERT INTO `kmeans` VALUES (125, 49, 1996, 290, 1, 1, 14, NULL, NULL);
INSERT INTO `kmeans` VALUES (126, 12, 1008.0532, 238, 3, 3, 15, NULL, NULL);
INSERT INTO `kmeans` VALUES (127, 41, 1027.824, 271, 3, 3, 15, NULL, NULL);
INSERT INTO `kmeans` VALUES (128, 13, 1784.2212, 229, 1, 1, 16, NULL, NULL);
INSERT INTO `kmeans` VALUES (129, 8, 1403.9, 235, 1, 1, 17, NULL, NULL);
INSERT INTO `kmeans` VALUES (130, 20, 1390.514, 181, 2, 2, 17, NULL, NULL);
INSERT INTO `kmeans` VALUES (131, 26, 1361.3204, 146, 3, 3, 17, NULL, NULL);
INSERT INTO `kmeans` VALUES (132, 23, 1810.38, 166, 2, 2, 18, NULL, NULL);
INSERT INTO `kmeans` VALUES (133, 31, 1211.4105, 226, 2, 2, 19, NULL, NULL);
INSERT INTO `kmeans` VALUES (134, 39, 1143.587, 219, 3, 3, 19, NULL, NULL);
INSERT INTO `kmeans` VALUES (135, 46, 1164.4101, 246, 2, 2, 19, NULL, NULL);
INSERT INTO `kmeans` VALUES (136, 4, 1065.721, 354, 2, 2, 20, NULL, NULL);
INSERT INTO `kmeans` VALUES (137, 19, 1041, 334, 1, 1, 20, NULL, NULL);
INSERT INTO `kmeans` VALUES (138, 16, 1022.702, 33, 2, 2, 21, NULL, NULL);
INSERT INTO `kmeans` VALUES (139, 18, 1313, 228, 1, 1, 22, NULL, NULL);
INSERT INTO `kmeans` VALUES (140, 2, 1402, 74, 2, 2, 23, NULL, NULL);
INSERT INTO `kmeans` VALUES (141, 50, 1392.492379, 109, 2, 2, 23, NULL, NULL);
INSERT INTO `kmeans` VALUES (142, 9, 1730, 55, 1, 1, 24, NULL, NULL);
INSERT INTO `kmeans` VALUES (143, 43, 1265.0875, 311, 3, 3, 25, NULL, NULL);
INSERT INTO `kmeans` VALUES (144, 45, 1243.647522406, 287, 2, 2, 25, NULL, NULL);
INSERT INTO `kmeans` VALUES (145, 36, 1111.8833, 276, 2, 2, 26, NULL, NULL);
INSERT INTO `kmeans` VALUES (146, 14, 1358.467, 273, 2, 2, 27, NULL, NULL);
INSERT INTO `kmeans` VALUES (147, 11, 1209.453, 131, 3, 3, 28, NULL, NULL);
INSERT INTO `kmeans` VALUES (148, 32, 1223.3346935, 100, 1, 1, 28, NULL, NULL);
INSERT INTO `kmeans` VALUES (149, 5, 1964.1859, 29, 1, 1, 29, NULL, NULL);
INSERT INTO `kmeans` VALUES (150, 44, 1987.63699, 28, 3, 3, 29, NULL, NULL);
INSERT INTO `kmeans` VALUES (151, 1, 1336.9593, 249, 1, 1, 0, NULL, NULL);
INSERT INTO `kmeans` VALUES (152, 14, 1358.467, 273, 2, 2, 0, NULL, NULL);
INSERT INTO `kmeans` VALUES (153, 17, 1326.56230374, 258, 2, 2, 0, NULL, NULL);
INSERT INTO `kmeans` VALUES (154, 18, 1313, 228, 1, 1, 0, NULL, NULL);
INSERT INTO `kmeans` VALUES (155, 2, 1402, 74, 2, 2, 1, NULL, NULL);
INSERT INTO `kmeans` VALUES (156, 26, 1361.3204, 146, 3, 3, 1, NULL, NULL);
INSERT INTO `kmeans` VALUES (157, 50, 1392.492379, 109, 2, 2, 1, NULL, NULL);
INSERT INTO `kmeans` VALUES (158, 40, 1884.9, 258, 3, 3, 2, NULL, NULL);
INSERT INTO `kmeans` VALUES (159, 16, 1022.702, 33, 2, 2, 3, NULL, NULL);
INSERT INTO `kmeans` VALUES (160, 7, 1602.2352, 53, 2, 2, 4, NULL, NULL);
INSERT INTO `kmeans` VALUES (161, 3, 1703.97, 126, 2, 2, 5, NULL, NULL);
INSERT INTO `kmeans` VALUES (162, 24, 1679.2, 118, 1, 1, 5, NULL, NULL);
INSERT INTO `kmeans` VALUES (163, 33, 1026.981608, 134, 2, 2, 6, NULL, NULL);
INSERT INTO `kmeans` VALUES (164, 48, 1094.963, 182, 2, 2, 6, NULL, NULL);
INSERT INTO `kmeans` VALUES (165, 13, 1784.2212, 229, 1, 1, 7, NULL, NULL);
INSERT INTO `kmeans` VALUES (166, 5, 1964.1859, 29, 1, 1, 8, NULL, NULL);
INSERT INTO `kmeans` VALUES (167, 34, 1921.1627, 23, 3, 3, 8, NULL, NULL);
INSERT INTO `kmeans` VALUES (168, 43, 1265.0875, 311, 3, 3, 9, NULL, NULL);
INSERT INTO `kmeans` VALUES (169, 45, 1243.647522406, 287, 2, 2, 9, NULL, NULL);
INSERT INTO `kmeans` VALUES (170, 31, 1211.4105, 226, 2, 2, 10, NULL, NULL);
INSERT INTO `kmeans` VALUES (171, 4, 1065.721, 354, 2, 2, 11, NULL, NULL);
INSERT INTO `kmeans` VALUES (172, 10, 1599, 273, 3, 3, 12, NULL, NULL);
INSERT INTO `kmeans` VALUES (173, 25, 1698.055842751, 272, 1, 1, 13, NULL, NULL);
INSERT INTO `kmeans` VALUES (174, 29, 1698.61, 276, 2, 2, 13, NULL, NULL);
INSERT INTO `kmeans` VALUES (175, 11, 1209.453, 131, 3, 3, 14, NULL, NULL);
INSERT INTO `kmeans` VALUES (176, 32, 1223.3346935, 100, 1, 1, 14, NULL, NULL);
INSERT INTO `kmeans` VALUES (177, 47, 1273.22567, 135, 3, 3, 14, NULL, NULL);
INSERT INTO `kmeans` VALUES (178, 20, 1390.514, 181, 2, 2, 15, NULL, NULL);
INSERT INTO `kmeans` VALUES (179, 28, 1144.701, 330, 3, 3, 16, NULL, NULL);
INSERT INTO `kmeans` VALUES (180, 36, 1111.8833, 276, 2, 2, 16, NULL, NULL);
INSERT INTO `kmeans` VALUES (181, 22, 1962.257, 286, 2, 2, 17, NULL, NULL);
INSERT INTO `kmeans` VALUES (182, 49, 1996, 290, 1, 1, 17, NULL, NULL);
INSERT INTO `kmeans` VALUES (183, 15, 1525.754454, 138, 3, 3, 18, NULL, NULL);
INSERT INTO `kmeans` VALUES (184, 27, 1483.555138802, 141, 3, 3, 18, NULL, NULL);
INSERT INTO `kmeans` VALUES (185, 30, 1749.46, 255, 2, 2, 19, NULL, NULL);
INSERT INTO `kmeans` VALUES (186, 12, 1008.0532, 238, 3, 3, 20, NULL, NULL);
INSERT INTO `kmeans` VALUES (187, 41, 1027.824, 271, 3, 3, 20, NULL, NULL);
INSERT INTO `kmeans` VALUES (188, 44, 1987.63699, 28, 3, 3, 21, NULL, NULL);
INSERT INTO `kmeans` VALUES (189, 23, 1810.38, 166, 2, 2, 22, NULL, NULL);
INSERT INTO `kmeans` VALUES (190, 42, 1773.549732647, 159, 2, 2, 22, NULL, NULL);
INSERT INTO `kmeans` VALUES (191, 9, 1730, 55, 1, 1, 23, NULL, NULL);
INSERT INTO `kmeans` VALUES (192, 8, 1403.9, 235, 1, 1, 24, NULL, NULL);
INSERT INTO `kmeans` VALUES (193, 6, 1141, 137, 1, 1, 25, NULL, NULL);
INSERT INTO `kmeans` VALUES (194, 21, 1121.87901238, 80, 3, 3, 25, NULL, NULL);
INSERT INTO `kmeans` VALUES (195, 37, 1145.14632902, 54, 3, 3, 25, NULL, NULL);
INSERT INTO `kmeans` VALUES (196, 39, 1143.587, 219, 3, 3, 26, NULL, NULL);
INSERT INTO `kmeans` VALUES (197, 46, 1164.4101, 246, 2, 2, 26, NULL, NULL);
INSERT INTO `kmeans` VALUES (198, 38, 1852.2417438, 54, 3, 3, 27, NULL, NULL);
INSERT INTO `kmeans` VALUES (199, 19, 1041, 334, 1, 1, 28, NULL, NULL);
INSERT INTO `kmeans` VALUES (200, 35, 1698.9867, 229, 3, 3, 29, NULL, NULL);
INSERT INTO `kmeans` VALUES (201, 17, 1326.56230374, 258, 2, 2, 0, NULL, NULL);
INSERT INTO `kmeans` VALUES (202, 18, 1313, 228, 1, 1, 0, NULL, NULL);
INSERT INTO `kmeans` VALUES (203, 4, 1065.721, 354, 2, 2, 1, NULL, NULL);
INSERT INTO `kmeans` VALUES (204, 19, 1041, 334, 1, 1, 1, NULL, NULL);
INSERT INTO `kmeans` VALUES (205, 13, 1784.2212, 229, 1, 1, 2, NULL, NULL);
INSERT INTO `kmeans` VALUES (206, 23, 1810.38, 166, 2, 2, 2, NULL, NULL);
INSERT INTO `kmeans` VALUES (207, 42, 1773.549732647, 159, 2, 2, 2, NULL, NULL);
INSERT INTO `kmeans` VALUES (208, 31, 1211.4105, 226, 2, 2, 3, NULL, NULL);
INSERT INTO `kmeans` VALUES (209, 39, 1143.587, 219, 3, 3, 3, NULL, NULL);
INSERT INTO `kmeans` VALUES (210, 46, 1164.4101, 246, 2, 2, 3, NULL, NULL);
INSERT INTO `kmeans` VALUES (211, 9, 1730, 55, 1, 1, 4, NULL, NULL);
INSERT INTO `kmeans` VALUES (212, 24, 1679.2, 118, 1, 1, 5, NULL, NULL);
INSERT INTO `kmeans` VALUES (213, 2, 1402, 74, 2, 2, 6, NULL, NULL);
INSERT INTO `kmeans` VALUES (214, 50, 1392.492379, 109, 2, 2, 6, NULL, NULL);
INSERT INTO `kmeans` VALUES (215, 32, 1223.3346935, 100, 1, 1, 7, NULL, NULL);
INSERT INTO `kmeans` VALUES (216, 47, 1273.22567, 135, 3, 3, 7, NULL, NULL);
INSERT INTO `kmeans` VALUES (217, 15, 1525.754454, 138, 3, 3, 8, NULL, NULL);
INSERT INTO `kmeans` VALUES (218, 27, 1483.555138802, 141, 3, 3, 8, NULL, NULL);
INSERT INTO `kmeans` VALUES (219, 5, 1964.1859, 29, 1, 1, 9, NULL, NULL);
INSERT INTO `kmeans` VALUES (220, 35, 1698.9867, 229, 3, 3, 10, NULL, NULL);
INSERT INTO `kmeans` VALUES (221, 44, 1987.63699, 28, 3, 3, 11, NULL, NULL);
INSERT INTO `kmeans` VALUES (222, 10, 1599, 273, 3, 3, 12, NULL, NULL);
INSERT INTO `kmeans` VALUES (223, 6, 1141, 137, 1, 1, 13, NULL, NULL);
INSERT INTO `kmeans` VALUES (224, 21, 1121.87901238, 80, 3, 3, 13, NULL, NULL);
INSERT INTO `kmeans` VALUES (225, 37, 1145.14632902, 54, 3, 3, 13, NULL, NULL);
INSERT INTO `kmeans` VALUES (226, 48, 1094.963, 182, 2, 2, 13, NULL, NULL);
INSERT INTO `kmeans` VALUES (227, 16, 1022.702, 33, 2, 2, 14, NULL, NULL);
INSERT INTO `kmeans` VALUES (228, 33, 1026.981608, 134, 2, 2, 14, NULL, NULL);
INSERT INTO `kmeans` VALUES (229, 34, 1921.1627, 23, 3, 3, 15, NULL, NULL);
INSERT INTO `kmeans` VALUES (230, 11, 1209.453, 131, 3, 3, 16, NULL, NULL);
INSERT INTO `kmeans` VALUES (231, 43, 1265.0875, 311, 3, 3, 17, NULL, NULL);
INSERT INTO `kmeans` VALUES (232, 45, 1243.647522406, 287, 2, 2, 17, NULL, NULL);
INSERT INTO `kmeans` VALUES (233, 22, 1962.257, 286, 2, 2, 18, NULL, NULL);
INSERT INTO `kmeans` VALUES (234, 49, 1996, 290, 1, 1, 18, NULL, NULL);
INSERT INTO `kmeans` VALUES (235, 3, 1703.97, 126, 2, 2, 19, NULL, NULL);
INSERT INTO `kmeans` VALUES (236, 7, 1602.2352, 53, 2, 2, 20, NULL, NULL);
INSERT INTO `kmeans` VALUES (237, 41, 1027.824, 271, 3, 3, 21, NULL, NULL);
INSERT INTO `kmeans` VALUES (238, 12, 1008.0532, 238, 3, 3, 22, NULL, NULL);
INSERT INTO `kmeans` VALUES (239, 20, 1390.514, 181, 2, 2, 23, NULL, NULL);
INSERT INTO `kmeans` VALUES (240, 26, 1361.3204, 146, 3, 3, 23, NULL, NULL);
INSERT INTO `kmeans` VALUES (241, 40, 1884.9, 258, 3, 3, 24, NULL, NULL);
INSERT INTO `kmeans` VALUES (242, 1, 1336.9593, 249, 1, 1, 25, NULL, NULL);
INSERT INTO `kmeans` VALUES (243, 14, 1358.467, 273, 2, 2, 25, NULL, NULL);
INSERT INTO `kmeans` VALUES (244, 28, 1144.701, 330, 3, 3, 26, NULL, NULL);
INSERT INTO `kmeans` VALUES (245, 36, 1111.8833, 276, 2, 2, 26, NULL, NULL);
INSERT INTO `kmeans` VALUES (246, 8, 1403.9, 235, 1, 1, 27, NULL, NULL);
INSERT INTO `kmeans` VALUES (247, 38, 1852.2417438, 54, 3, 3, 28, NULL, NULL);
INSERT INTO `kmeans` VALUES (248, 25, 1698.055842751, 272, 1, 1, 29, NULL, NULL);
INSERT INTO `kmeans` VALUES (249, 29, 1698.61, 276, 2, 2, 29, NULL, NULL);
INSERT INTO `kmeans` VALUES (250, 30, 1749.46, 255, 2, 2, 29, NULL, NULL);
INSERT INTO `kmeans` VALUES (251, 1, 1336.9593, 249, 1, 1, 0, NULL, NULL);
INSERT INTO `kmeans` VALUES (252, 14, 1358.467, 273, 2, 2, 0, NULL, NULL);
INSERT INTO `kmeans` VALUES (253, 18, 1313, 228, 1, 1, 0, NULL, NULL);
INSERT INTO `kmeans` VALUES (254, 13, 1784.2212, 229, 1, 1, 1, NULL, NULL);
INSERT INTO `kmeans` VALUES (255, 23, 1810.38, 166, 2, 2, 1, NULL, NULL);
INSERT INTO `kmeans` VALUES (256, 42, 1773.549732647, 159, 2, 2, 1, NULL, NULL);
INSERT INTO `kmeans` VALUES (257, 11, 1209.453, 131, 3, 3, 2, NULL, NULL);
INSERT INTO `kmeans` VALUES (258, 32, 1223.3346935, 100, 1, 1, 2, NULL, NULL);
INSERT INTO `kmeans` VALUES (259, 10, 1599, 273, 3, 3, 3, NULL, NULL);
INSERT INTO `kmeans` VALUES (260, 37, 1145.14632902, 54, 3, 3, 4, NULL, NULL);
INSERT INTO `kmeans` VALUES (261, 22, 1962.257, 286, 2, 2, 5, NULL, NULL);
INSERT INTO `kmeans` VALUES (262, 49, 1996, 290, 1, 1, 5, NULL, NULL);
INSERT INTO `kmeans` VALUES (263, 41, 1027.824, 271, 3, 3, 6, NULL, NULL);
INSERT INTO `kmeans` VALUES (264, 5, 1964.1859, 29, 1, 1, 7, NULL, NULL);
INSERT INTO `kmeans` VALUES (265, 34, 1921.1627, 23, 3, 3, 7, NULL, NULL);
INSERT INTO `kmeans` VALUES (266, 44, 1987.63699, 28, 3, 3, 7, NULL, NULL);
INSERT INTO `kmeans` VALUES (267, 15, 1525.754454, 138, 3, 3, 8, NULL, NULL);
INSERT INTO `kmeans` VALUES (268, 27, 1483.555138802, 141, 3, 3, 8, NULL, NULL);
INSERT INTO `kmeans` VALUES (269, 21, 1121.87901238, 80, 3, 3, 9, NULL, NULL);
INSERT INTO `kmeans` VALUES (270, 26, 1361.3204, 146, 3, 3, 10, NULL, NULL);
INSERT INTO `kmeans` VALUES (271, 31, 1211.4105, 226, 2, 2, 11, NULL, NULL);
INSERT INTO `kmeans` VALUES (272, 4, 1065.721, 354, 2, 2, 12, NULL, NULL);
INSERT INTO `kmeans` VALUES (273, 19, 1041, 334, 1, 1, 12, NULL, NULL);
INSERT INTO `kmeans` VALUES (274, 35, 1698.9867, 229, 3, 3, 13, NULL, NULL);
INSERT INTO `kmeans` VALUES (275, 43, 1265.0875, 311, 3, 3, 14, NULL, NULL);
INSERT INTO `kmeans` VALUES (276, 45, 1243.647522406, 287, 2, 2, 14, NULL, NULL);
INSERT INTO `kmeans` VALUES (277, 25, 1698.055842751, 272, 1, 1, 15, NULL, NULL);
INSERT INTO `kmeans` VALUES (278, 29, 1698.61, 276, 2, 2, 15, NULL, NULL);
INSERT INTO `kmeans` VALUES (279, 30, 1749.46, 255, 2, 2, 15, NULL, NULL);
INSERT INTO `kmeans` VALUES (280, 20, 1390.514, 181, 2, 2, 16, NULL, NULL);
INSERT INTO `kmeans` VALUES (281, 39, 1143.587, 219, 3, 3, 17, NULL, NULL);
INSERT INTO `kmeans` VALUES (282, 46, 1164.4101, 246, 2, 2, 17, NULL, NULL);
INSERT INTO `kmeans` VALUES (283, 3, 1703.97, 126, 2, 2, 18, NULL, NULL);
INSERT INTO `kmeans` VALUES (284, 7, 1602.2352, 53, 2, 2, 18, NULL, NULL);
INSERT INTO `kmeans` VALUES (285, 9, 1730, 55, 1, 1, 18, NULL, NULL);
INSERT INTO `kmeans` VALUES (286, 24, 1679.2, 118, 1, 1, 18, NULL, NULL);
INSERT INTO `kmeans` VALUES (287, 17, 1326.56230374, 258, 2, 2, 19, NULL, NULL);
INSERT INTO `kmeans` VALUES (288, 36, 1111.8833, 276, 2, 2, 20, NULL, NULL);
INSERT INTO `kmeans` VALUES (289, 47, 1273.22567, 135, 3, 3, 21, NULL, NULL);
INSERT INTO `kmeans` VALUES (290, 2, 1402, 74, 2, 2, 22, NULL, NULL);
INSERT INTO `kmeans` VALUES (291, 50, 1392.492379, 109, 2, 2, 22, NULL, NULL);
INSERT INTO `kmeans` VALUES (292, 38, 1852.2417438, 54, 3, 3, 23, NULL, NULL);
INSERT INTO `kmeans` VALUES (293, 8, 1403.9, 235, 1, 1, 24, NULL, NULL);
INSERT INTO `kmeans` VALUES (294, 40, 1884.9, 258, 3, 3, 25, NULL, NULL);
INSERT INTO `kmeans` VALUES (295, 6, 1141, 137, 1, 1, 26, NULL, NULL);
INSERT INTO `kmeans` VALUES (296, 48, 1094.963, 182, 2, 2, 26, NULL, NULL);
INSERT INTO `kmeans` VALUES (297, 12, 1008.0532, 238, 3, 3, 27, NULL, NULL);
INSERT INTO `kmeans` VALUES (298, 28, 1144.701, 330, 3, 3, 28, NULL, NULL);
INSERT INTO `kmeans` VALUES (299, 16, 1022.702, 33, 2, 2, 29, NULL, NULL);
INSERT INTO `kmeans` VALUES (300, 33, 1026.981608, 134, 2, 2, 29, NULL, NULL);
INSERT INTO `kmeans` VALUES (301, 1, 1336.9593, 249, 1, 1, 0, NULL, NULL);
INSERT INTO `kmeans` VALUES (302, 17, 1326.56230374, 258, 2, 2, 0, NULL, NULL);
INSERT INTO `kmeans` VALUES (303, 18, 1313, 228, 1, 1, 0, NULL, NULL);
INSERT INTO `kmeans` VALUES (304, 4, 1065.721, 354, 2, 2, 1, NULL, NULL);
INSERT INTO `kmeans` VALUES (305, 12, 1008.0532, 238, 3, 3, 1, NULL, NULL);
INSERT INTO `kmeans` VALUES (306, 19, 1041, 334, 1, 1, 1, NULL, NULL);
INSERT INTO `kmeans` VALUES (307, 41, 1027.824, 271, 3, 3, 1, NULL, NULL);
INSERT INTO `kmeans` VALUES (308, 2, 1402, 74, 2, 2, 2, NULL, NULL);
INSERT INTO `kmeans` VALUES (309, 35, 1698.9867, 229, 3, 3, 3, NULL, NULL);
INSERT INTO `kmeans` VALUES (310, 47, 1273.22567, 135, 3, 3, 4, NULL, NULL);
INSERT INTO `kmeans` VALUES (311, 44, 1987.63699, 28, 3, 3, 5, NULL, NULL);
INSERT INTO `kmeans` VALUES (312, 22, 1962.257, 286, 2, 2, 6, NULL, NULL);
INSERT INTO `kmeans` VALUES (313, 8, 1403.9, 235, 1, 1, 7, NULL, NULL);
INSERT INTO `kmeans` VALUES (314, 20, 1390.514, 181, 2, 2, 7, NULL, NULL);
INSERT INTO `kmeans` VALUES (315, 26, 1361.3204, 146, 3, 3, 7, NULL, NULL);
INSERT INTO `kmeans` VALUES (316, 6, 1141, 137, 1, 1, 8, NULL, NULL);
INSERT INTO `kmeans` VALUES (317, 14, 1358.467, 273, 2, 2, 9, NULL, NULL);
INSERT INTO `kmeans` VALUES (318, 39, 1143.587, 219, 3, 3, 10, NULL, NULL);
INSERT INTO `kmeans` VALUES (319, 48, 1094.963, 182, 2, 2, 10, NULL, NULL);
INSERT INTO `kmeans` VALUES (320, 25, 1698.055842751, 272, 1, 1, 11, NULL, NULL);
INSERT INTO `kmeans` VALUES (321, 29, 1698.61, 276, 2, 2, 11, NULL, NULL);
INSERT INTO `kmeans` VALUES (322, 21, 1121.87901238, 80, 3, 3, 12, NULL, NULL);
INSERT INTO `kmeans` VALUES (323, 37, 1145.14632902, 54, 3, 3, 12, NULL, NULL);
INSERT INTO `kmeans` VALUES (324, 15, 1525.754454, 138, 3, 3, 13, NULL, NULL);
INSERT INTO `kmeans` VALUES (325, 9, 1730, 55, 1, 1, 14, NULL, NULL);
INSERT INTO `kmeans` VALUES (326, 49, 1996, 290, 1, 1, 15, NULL, NULL);
INSERT INTO `kmeans` VALUES (327, 3, 1703.97, 126, 2, 2, 16, NULL, NULL);
INSERT INTO `kmeans` VALUES (328, 24, 1679.2, 118, 1, 1, 16, NULL, NULL);
INSERT INTO `kmeans` VALUES (329, 11, 1209.453, 131, 3, 3, 17, NULL, NULL);
INSERT INTO `kmeans` VALUES (330, 32, 1223.3346935, 100, 1, 1, 17, NULL, NULL);
INSERT INTO `kmeans` VALUES (331, 23, 1810.38, 166, 2, 2, 18, NULL, NULL);
INSERT INTO `kmeans` VALUES (332, 42, 1773.549732647, 159, 2, 2, 18, NULL, NULL);
INSERT INTO `kmeans` VALUES (333, 40, 1884.9, 258, 3, 3, 19, NULL, NULL);
INSERT INTO `kmeans` VALUES (334, 28, 1144.701, 330, 3, 3, 20, NULL, NULL);
INSERT INTO `kmeans` VALUES (335, 31, 1211.4105, 226, 2, 2, 20, NULL, NULL);
INSERT INTO `kmeans` VALUES (336, 36, 1111.8833, 276, 2, 2, 20, NULL, NULL);
INSERT INTO `kmeans` VALUES (337, 46, 1164.4101, 246, 2, 2, 20, NULL, NULL);
INSERT INTO `kmeans` VALUES (338, 13, 1784.2212, 229, 1, 1, 21, NULL, NULL);
INSERT INTO `kmeans` VALUES (339, 30, 1749.46, 255, 2, 2, 21, NULL, NULL);
INSERT INTO `kmeans` VALUES (340, 50, 1392.492379, 109, 2, 2, 22, NULL, NULL);
INSERT INTO `kmeans` VALUES (341, 5, 1964.1859, 29, 1, 1, 23, NULL, NULL);
INSERT INTO `kmeans` VALUES (342, 34, 1921.1627, 23, 3, 3, 23, NULL, NULL);
INSERT INTO `kmeans` VALUES (343, 10, 1599, 273, 3, 3, 24, NULL, NULL);
INSERT INTO `kmeans` VALUES (344, 38, 1852.2417438, 54, 3, 3, 25, NULL, NULL);
INSERT INTO `kmeans` VALUES (345, 16, 1022.702, 33, 2, 2, 26, NULL, NULL);
INSERT INTO `kmeans` VALUES (346, 33, 1026.981608, 134, 2, 2, 26, NULL, NULL);
INSERT INTO `kmeans` VALUES (347, 43, 1265.0875, 311, 3, 3, 27, NULL, NULL);
INSERT INTO `kmeans` VALUES (348, 45, 1243.647522406, 287, 2, 2, 27, NULL, NULL);
INSERT INTO `kmeans` VALUES (349, 27, 1483.555138802, 141, 3, 3, 28, NULL, NULL);
INSERT INTO `kmeans` VALUES (350, 7, 1602.2352, 53, 2, 2, 29, NULL, NULL);
INSERT INTO `kmeans` VALUES (351, 1, 1336.9593, 249, 1, 1, 0, NULL, NULL);
INSERT INTO `kmeans` VALUES (352, 14, 1358.467, 273, 2, 2, 0, NULL, NULL);
INSERT INTO `kmeans` VALUES (353, 17, 1326.56230374, 258, 2, 2, 0, NULL, NULL);
INSERT INTO `kmeans` VALUES (354, 18, 1313, 228, 1, 1, 0, NULL, NULL);
INSERT INTO `kmeans` VALUES (355, 25, 1698.055842751, 272, 1, 1, 1, NULL, NULL);
INSERT INTO `kmeans` VALUES (356, 29, 1698.61, 276, 2, 2, 1, NULL, NULL);
INSERT INTO `kmeans` VALUES (357, 35, 1698.9867, 229, 3, 3, 1, NULL, NULL);
INSERT INTO `kmeans` VALUES (358, 23, 1810.38, 166, 2, 2, 2, NULL, NULL);
INSERT INTO `kmeans` VALUES (359, 42, 1773.549732647, 159, 2, 2, 2, NULL, NULL);
INSERT INTO `kmeans` VALUES (360, 6, 1141, 137, 1, 1, 3, NULL, NULL);
INSERT INTO `kmeans` VALUES (361, 39, 1143.587, 219, 3, 3, 3, NULL, NULL);
INSERT INTO `kmeans` VALUES (362, 48, 1094.963, 182, 2, 2, 3, NULL, NULL);
INSERT INTO `kmeans` VALUES (363, 3, 1703.97, 126, 2, 2, 4, NULL, NULL);
INSERT INTO `kmeans` VALUES (364, 7, 1602.2352, 53, 2, 2, 4, NULL, NULL);
INSERT INTO `kmeans` VALUES (365, 24, 1679.2, 118, 1, 1, 4, NULL, NULL);
INSERT INTO `kmeans` VALUES (366, 31, 1211.4105, 226, 2, 2, 5, NULL, NULL);
INSERT INTO `kmeans` VALUES (367, 46, 1164.4101, 246, 2, 2, 5, NULL, NULL);
INSERT INTO `kmeans` VALUES (368, 43, 1265.0875, 311, 3, 3, 6, NULL, NULL);
INSERT INTO `kmeans` VALUES (369, 45, 1243.647522406, 287, 2, 2, 6, NULL, NULL);
INSERT INTO `kmeans` VALUES (370, 26, 1361.3204, 146, 3, 3, 7, NULL, NULL);
INSERT INTO `kmeans` VALUES (371, 49, 1996, 290, 1, 1, 8, NULL, NULL);
INSERT INTO `kmeans` VALUES (372, 5, 1964.1859, 29, 1, 1, 9, NULL, NULL);
INSERT INTO `kmeans` VALUES (373, 34, 1921.1627, 23, 3, 3, 9, NULL, NULL);
INSERT INTO `kmeans` VALUES (374, 44, 1987.63699, 28, 3, 3, 9, NULL, NULL);
INSERT INTO `kmeans` VALUES (375, 32, 1223.3346935, 100, 1, 1, 10, NULL, NULL);
INSERT INTO `kmeans` VALUES (376, 47, 1273.22567, 135, 3, 3, 10, NULL, NULL);
INSERT INTO `kmeans` VALUES (377, 4, 1065.721, 354, 2, 2, 11, NULL, NULL);
INSERT INTO `kmeans` VALUES (378, 19, 1041, 334, 1, 1, 11, NULL, NULL);
INSERT INTO `kmeans` VALUES (379, 8, 1403.9, 235, 1, 1, 12, NULL, NULL);
INSERT INTO `kmeans` VALUES (380, 16, 1022.702, 33, 2, 2, 13, NULL, NULL);
INSERT INTO `kmeans` VALUES (381, 15, 1525.754454, 138, 3, 3, 14, NULL, NULL);
INSERT INTO `kmeans` VALUES (382, 27, 1483.555138802, 141, 3, 3, 14, NULL, NULL);
INSERT INTO `kmeans` VALUES (383, 12, 1008.0532, 238, 3, 3, 15, NULL, NULL);
INSERT INTO `kmeans` VALUES (384, 20, 1390.514, 181, 2, 2, 16, NULL, NULL);
INSERT INTO `kmeans` VALUES (385, 9, 1730, 55, 1, 1, 17, NULL, NULL);
INSERT INTO `kmeans` VALUES (386, 33, 1026.981608, 134, 2, 2, 18, NULL, NULL);
INSERT INTO `kmeans` VALUES (387, 41, 1027.824, 271, 3, 3, 19, NULL, NULL);
INSERT INTO `kmeans` VALUES (388, 10, 1599, 273, 3, 3, 20, NULL, NULL);
INSERT INTO `kmeans` VALUES (389, 2, 1402, 74, 2, 2, 21, NULL, NULL);
INSERT INTO `kmeans` VALUES (390, 50, 1392.492379, 109, 2, 2, 21, NULL, NULL);
INSERT INTO `kmeans` VALUES (391, 36, 1111.8833, 276, 2, 2, 22, NULL, NULL);
INSERT INTO `kmeans` VALUES (392, 38, 1852.2417438, 54, 3, 3, 23, NULL, NULL);
INSERT INTO `kmeans` VALUES (393, 13, 1784.2212, 229, 1, 1, 24, NULL, NULL);
INSERT INTO `kmeans` VALUES (394, 30, 1749.46, 255, 2, 2, 24, NULL, NULL);
INSERT INTO `kmeans` VALUES (395, 28, 1144.701, 330, 3, 3, 25, NULL, NULL);
INSERT INTO `kmeans` VALUES (396, 11, 1209.453, 131, 3, 3, 26, NULL, NULL);
INSERT INTO `kmeans` VALUES (397, 21, 1121.87901238, 80, 3, 3, 27, NULL, NULL);
INSERT INTO `kmeans` VALUES (398, 37, 1145.14632902, 54, 3, 3, 27, NULL, NULL);
INSERT INTO `kmeans` VALUES (399, 22, 1962.257, 286, 2, 2, 28, NULL, NULL);
INSERT INTO `kmeans` VALUES (400, 40, 1884.9, 258, 3, 3, 29, NULL, NULL);

-- ----------------------------
-- Table structure for managers
-- ----------------------------
DROP TABLE IF EXISTS `managers`;
CREATE TABLE `managers`  (
  `id` int(10) UNSIGNED NOT NULL AUTO_INCREMENT,
  `username` varchar(191) CHARACTER SET utf8mb4 COLLATE utf8mb4_unicode_ci NOT NULL,
  `password` varchar(191) CHARACTER SET utf8mb4 COLLATE utf8mb4_unicode_ci NOT NULL,
  `name` varchar(191) CHARACTER SET utf8mb4 COLLATE utf8mb4_unicode_ci NOT NULL,
  `created_at` timestamp(0) NULL DEFAULT NULL,
  `updated_at` timestamp(0) NULL DEFAULT NULL,
  PRIMARY KEY (`id`) USING BTREE,
  UNIQUE INDEX `managers_username_unique`(`username`) USING BTREE
) ENGINE = InnoDB AUTO_INCREMENT = 2 CHARACTER SET = utf8mb4 COLLATE = utf8mb4_unicode_ci ROW_FORMAT = Dynamic;

-- ----------------------------
-- Records of managers
-- ----------------------------
INSERT INTO `managers` VALUES (1, 'admin', '$2y$10$H9WasnYy7Ye0eMw4baTCq.4yRgGuMZdbxFx3HjM3ny6YCgAHACuOW', 'Admin', '2020-01-15 16:14:12', '2020-01-15 16:14:12');

-- ----------------------------
-- Table structure for migrations
-- ----------------------------
DROP TABLE IF EXISTS `migrations`;
CREATE TABLE `migrations`  (
  `id` int(10) UNSIGNED NOT NULL AUTO_INCREMENT,
  `migration` varchar(191) CHARACTER SET utf8mb4 COLLATE utf8mb4_unicode_ci NOT NULL,
  `batch` int(11) NOT NULL,
  PRIMARY KEY (`id`) USING BTREE
) ENGINE = InnoDB AUTO_INCREMENT = 13 CHARACTER SET = utf8mb4 COLLATE = utf8mb4_unicode_ci ROW_FORMAT = Dynamic;

-- ----------------------------
-- Records of migrations
-- ----------------------------
INSERT INTO `migrations` VALUES (1, '2014_10_12_000000_create_users_table', 1);
INSERT INTO `migrations` VALUES (2, '2014_10_12_100000_create_password_resets_table', 1);
INSERT INTO `migrations` VALUES (3, '2019_02_18_000001_create_managers_table', 1);
INSERT INTO `migrations` VALUES (4, '2019_02_18_100804_create_catagories_table', 1);
INSERT INTO `migrations` VALUES (5, '2019_02_18_101319_create_brands_table', 1);
INSERT INTO `migrations` VALUES (6, '2019_02_18_101647_create_products_table', 1);
INSERT INTO `migrations` VALUES (7, '2019_02_18_105736_create_orders_table', 1);
INSERT INTO `migrations` VALUES (8, '2019_02_18_110341_create_order_details_table', 1);
INSERT INTO `migrations` VALUES (9, '2019_02_18_110925_create_news_table', 1);
INSERT INTO `migrations` VALUES (10, '2019_02_28_161525_create_shoppingcart_table', 1);
INSERT INTO `migrations` VALUES (11, '2019_03_29_113930_create_apriori_table', 1);
INSERT INTO `migrations` VALUES (12, '2019_04_15_210821_create_kmeans_table', 1);

-- ----------------------------
-- Table structure for news
-- ----------------------------
DROP TABLE IF EXISTS `news`;
CREATE TABLE `news`  (
  `id` int(10) UNSIGNED NOT NULL AUTO_INCREMENT,
  `name` varchar(191) CHARACTER SET utf8mb4 COLLATE utf8mb4_unicode_ci NOT NULL,
  `image` text CHARACTER SET utf8mb4 COLLATE utf8mb4_unicode_ci NULL,
  `description` varchar(191) CHARACTER SET utf8mb4 COLLATE utf8mb4_unicode_ci NULL DEFAULT NULL,
  `content` text CHARACTER SET utf8mb4 COLLATE utf8mb4_unicode_ci NULL,
  `created_at` timestamp(0) NULL DEFAULT NULL,
  `updated_at` timestamp(0) NULL DEFAULT NULL,
  PRIMARY KEY (`id`) USING BTREE,
  UNIQUE INDEX `news_name_unique`(`name`) USING BTREE
) ENGINE = InnoDB AUTO_INCREMENT = 1 CHARACTER SET = utf8mb4 COLLATE = utf8mb4_unicode_ci ROW_FORMAT = Dynamic;

-- ----------------------------
-- Table structure for order_details
-- ----------------------------
DROP TABLE IF EXISTS `order_details`;
CREATE TABLE `order_details`  (
  `id` int(10) UNSIGNED NOT NULL AUTO_INCREMENT,
  `order_id` int(10) UNSIGNED NOT NULL,
  `product_id` int(10) UNSIGNED NOT NULL,
  `quantity` int(11) NOT NULL,
  `price` double NOT NULL,
  `total` double NOT NULL,
  `created_at` timestamp(0) NULL DEFAULT NULL,
  `updated_at` timestamp(0) NULL DEFAULT NULL,
  PRIMARY KEY (`id`) USING BTREE,
  INDEX `order_details_order_id_foreign`(`order_id`) USING BTREE,
  INDEX `order_details_product_id_foreign`(`product_id`) USING BTREE,
  CONSTRAINT `order_details_order_id_foreign` FOREIGN KEY (`order_id`) REFERENCES `orders` (`id`) ON DELETE RESTRICT ON UPDATE RESTRICT,
  CONSTRAINT `order_details_product_id_foreign` FOREIGN KEY (`product_id`) REFERENCES `products` (`id`) ON DELETE RESTRICT ON UPDATE RESTRICT
) ENGINE = InnoDB AUTO_INCREMENT = 102 CHARACTER SET = utf8mb4 COLLATE = utf8mb4_unicode_ci ROW_FORMAT = Dynamic;

-- ----------------------------
-- Records of order_details
-- ----------------------------
INSERT INTO `order_details` VALUES (1, 21, 19, 35, 30074.618, 12, '2020-01-15 16:14:16', '2020-01-15 16:14:16');
INSERT INTO `order_details` VALUES (2, 14, 17, 44, 22989.16, 12, '2020-01-15 16:14:16', '2020-01-15 16:14:16');
INSERT INTO `order_details` VALUES (3, 3, 15, 90, 40895.47085511, 12, '2020-01-15 16:14:16', '2020-01-15 16:14:16');
INSERT INTO `order_details` VALUES (4, 19, 18, 124, 2813, 12, '2020-01-15 16:14:16', '2020-01-15 16:14:16');
INSERT INTO `order_details` VALUES (5, 22, 17, 91, 276.54894253, 12, '2020-01-15 16:14:16', '2020-01-15 16:14:16');
INSERT INTO `order_details` VALUES (6, 11, 18, 14, 16510.17019349, 12, '2020-01-15 16:14:16', '2020-01-15 16:14:16');
INSERT INTO `order_details` VALUES (7, 19, 15, 71, 18499.21, 12, '2020-01-15 16:14:16', '2020-01-15 16:14:16');
INSERT INTO `order_details` VALUES (8, 10, 19, 49, 19240.72545, 12, '2020-01-15 16:14:16', '2020-01-15 16:14:16');
INSERT INTO `order_details` VALUES (9, 21, 20, 149, 12403.0625, 12, '2020-01-15 16:14:16', '2020-01-15 16:14:16');
INSERT INTO `order_details` VALUES (10, 17, 19, 91, 36362.06086182, 12, '2020-01-15 16:14:16', '2020-01-15 16:14:16');
INSERT INTO `order_details` VALUES (11, 27, 17, 81, 41108.631, 12, '2020-01-15 16:14:16', '2020-01-15 16:14:16');
INSERT INTO `order_details` VALUES (12, 11, 16, 68, 16153.541, 12, '2020-01-15 16:14:16', '2020-01-15 16:14:16');
INSERT INTO `order_details` VALUES (13, 23, 20, 33, 24508, 12, '2020-01-15 16:14:16', '2020-01-15 16:14:16');
INSERT INTO `order_details` VALUES (14, 4, 20, 45, 38877, 12, '2020-01-15 16:14:16', '2020-01-15 16:14:16');
INSERT INTO `order_details` VALUES (15, 7, 20, 29, 34233.01999, 12, '2020-01-15 16:14:16', '2020-01-15 16:14:16');
INSERT INTO `order_details` VALUES (16, 5, 20, 135, 38845.3, 12, '2020-01-15 16:14:16', '2020-01-15 16:14:16');
INSERT INTO `order_details` VALUES (17, 18, 19, 89, 1325.31, 12, '2020-01-15 16:14:16', '2020-01-15 16:14:16');
INSERT INTO `order_details` VALUES (18, 11, 19, 97, 15444.37141, 12, '2020-01-15 16:14:16', '2020-01-15 16:14:16');
INSERT INTO `order_details` VALUES (19, 18, 20, 76, 15561.2, 12, '2020-01-15 16:14:16', '2020-01-15 16:14:16');
INSERT INTO `order_details` VALUES (20, 15, 19, 94, 3026.7, 12, '2020-01-15 16:14:16', '2020-01-15 16:14:16');
INSERT INTO `order_details` VALUES (21, 5, 17, 57, 35764.42696661, 12, '2020-01-15 16:14:16', '2020-01-15 16:14:16');
INSERT INTO `order_details` VALUES (22, 10, 18, 101, 13840.37312215, 12, '2020-01-15 16:14:16', '2020-01-15 16:14:16');
INSERT INTO `order_details` VALUES (23, 27, 16, 127, 27327.598, 12, '2020-01-15 16:14:16', '2020-01-15 16:14:16');
INSERT INTO `order_details` VALUES (24, 11, 18, 94, 48186.1, 12, '2020-01-15 16:14:16', '2020-01-15 16:14:16');
INSERT INTO `order_details` VALUES (25, 28, 19, 116, 18180.1543672, 12, '2020-01-15 16:14:16', '2020-01-15 16:14:16');
INSERT INTO `order_details` VALUES (26, 25, 17, 115, 37186.7, 12, '2020-01-15 16:14:16', '2020-01-15 16:14:16');
INSERT INTO `order_details` VALUES (27, 25, 19, 109, 24151.325000614, 12, '2020-01-15 16:14:16', '2020-01-15 16:14:16');
INSERT INTO `order_details` VALUES (28, 15, 17, 105, 20852.55995, 12, '2020-01-15 16:14:16', '2020-01-15 16:14:16');
INSERT INTO `order_details` VALUES (29, 1, 15, 136, 39759.99549, 12, '2020-01-15 16:14:16', '2020-01-15 16:14:16');
INSERT INTO `order_details` VALUES (30, 13, 19, 83, 44948.9917, 12, '2020-01-15 16:14:16', '2020-01-15 16:14:16');
INSERT INTO `order_details` VALUES (31, 17, 18, 77, 34420.6823, 12, '2020-01-15 16:14:16', '2020-01-15 16:14:16');
INSERT INTO `order_details` VALUES (32, 8, 16, 98, 5929.50909586, 12, '2020-01-15 16:14:16', '2020-01-15 16:14:16');
INSERT INTO `order_details` VALUES (33, 30, 15, 97, 19849.407692, 12, '2020-01-15 16:14:16', '2020-01-15 16:14:16');
INSERT INTO `order_details` VALUES (34, 4, 17, 127, 24737.196595719, 12, '2020-01-15 16:14:16', '2020-01-15 16:14:16');
INSERT INTO `order_details` VALUES (35, 11, 17, 140, 31679.478432, 12, '2020-01-15 16:14:16', '2020-01-15 16:14:16');
INSERT INTO `order_details` VALUES (36, 2, 20, 139, 45577.3, 12, '2020-01-15 16:14:16', '2020-01-15 16:14:16');
INSERT INTO `order_details` VALUES (37, 15, 17, 125, 27586.195, 12, '2020-01-15 16:14:16', '2020-01-15 16:14:16');
INSERT INTO `order_details` VALUES (38, 7, 17, 107, 45665.45279, 12, '2020-01-15 16:14:16', '2020-01-15 16:14:16');
INSERT INTO `order_details` VALUES (39, 21, 19, 74, 48232.441470354, 12, '2020-01-15 16:14:16', '2020-01-15 16:14:16');
INSERT INTO `order_details` VALUES (40, 12, 19, 86, 40476.413, 12, '2020-01-15 16:14:16', '2020-01-15 16:14:16');
INSERT INTO `order_details` VALUES (41, 14, 19, 23, 6223.4056748, 12, '2020-01-15 16:14:16', '2020-01-15 16:14:16');
INSERT INTO `order_details` VALUES (42, 3, 17, 147, 36868.657583226, 12, '2020-01-15 16:14:16', '2020-01-15 16:14:16');
INSERT INTO `order_details` VALUES (43, 8, 15, 35, 2829.957, 12, '2020-01-15 16:14:16', '2020-01-15 16:14:16');
INSERT INTO `order_details` VALUES (44, 15, 20, 97, 22068.528, 12, '2020-01-15 16:14:16', '2020-01-15 16:14:16');
INSERT INTO `order_details` VALUES (45, 1, 20, 33, 41799.702098, 12, '2020-01-15 16:14:17', '2020-01-15 16:14:17');
INSERT INTO `order_details` VALUES (46, 21, 15, 104, 45990.5, 12, '2020-01-15 16:14:17', '2020-01-15 16:14:17');
INSERT INTO `order_details` VALUES (47, 26, 20, 107, 30726.879825, 12, '2020-01-15 16:14:17', '2020-01-15 16:14:17');
INSERT INTO `order_details` VALUES (48, 23, 15, 89, 46180.89826, 12, '2020-01-15 16:14:17', '2020-01-15 16:14:17');
INSERT INTO `order_details` VALUES (49, 13, 17, 35, 47353, 12, '2020-01-15 16:14:17', '2020-01-15 16:14:17');
INSERT INTO `order_details` VALUES (50, 18, 18, 52, 19614.99, 12, '2020-01-15 16:14:17', '2020-01-15 16:14:17');
INSERT INTO `order_details` VALUES (51, 28, 20, 145, 38881.4748564, 12, '2020-01-15 16:14:17', '2020-01-15 16:14:17');
INSERT INTO `order_details` VALUES (52, 11, 17, 51, 2032.25, 12, '2020-01-15 16:14:17', '2020-01-15 16:14:17');
INSERT INTO `order_details` VALUES (53, 15, 15, 115, 3276.19586079, 12, '2020-01-15 16:14:17', '2020-01-15 16:14:17');
INSERT INTO `order_details` VALUES (54, 29, 19, 35, 34995.9375429, 12, '2020-01-15 16:14:17', '2020-01-15 16:14:17');
INSERT INTO `order_details` VALUES (55, 28, 18, 119, 49624.845, 12, '2020-01-15 16:14:17', '2020-01-15 16:14:17');
INSERT INTO `order_details` VALUES (56, 27, 16, 10, 18111.6, 12, '2020-01-15 16:14:17', '2020-01-15 16:14:17');
INSERT INTO `order_details` VALUES (57, 3, 19, 117, 25528.898409614, 12, '2020-01-15 16:14:17', '2020-01-15 16:14:17');
INSERT INTO `order_details` VALUES (58, 1, 20, 131, 27522.93689817, 12, '2020-01-15 16:14:17', '2020-01-15 16:14:17');
INSERT INTO `order_details` VALUES (59, 13, 16, 30, 19308.416, 12, '2020-01-15 16:14:17', '2020-01-15 16:14:17');
INSERT INTO `order_details` VALUES (60, 3, 16, 62, 40850.014689, 12, '2020-01-15 16:14:17', '2020-01-15 16:14:17');
INSERT INTO `order_details` VALUES (61, 26, 18, 51, 20359.290882298, 12, '2020-01-15 16:14:17', '2020-01-15 16:14:17');
INSERT INTO `order_details` VALUES (62, 18, 15, 33, 47118.62553, 12, '2020-01-15 16:14:17', '2020-01-15 16:14:17');
INSERT INTO `order_details` VALUES (63, 14, 16, 11, 34517.2, 12, '2020-01-15 16:14:17', '2020-01-15 16:14:17');
INSERT INTO `order_details` VALUES (64, 10, 16, 104, 37087.3283114, 12, '2020-01-15 16:14:17', '2020-01-15 16:14:17');
INSERT INTO `order_details` VALUES (65, 12, 17, 88, 2766.86, 12, '2020-01-15 16:14:17', '2020-01-15 16:14:17');
INSERT INTO `order_details` VALUES (66, 13, 15, 90, 8662.642384936, 12, '2020-01-15 16:14:17', '2020-01-15 16:14:17');
INSERT INTO `order_details` VALUES (67, 6, 20, 89, 18136.6484, 12, '2020-01-15 16:14:17', '2020-01-15 16:14:17');
INSERT INTO `order_details` VALUES (68, 11, 17, 122, 48698.44656133, 12, '2020-01-15 16:14:17', '2020-01-15 16:14:17');
INSERT INTO `order_details` VALUES (69, 22, 20, 30, 36838.55483, 12, '2020-01-15 16:14:17', '2020-01-15 16:14:17');
INSERT INTO `order_details` VALUES (70, 6, 16, 59, 30999.2, 12, '2020-01-15 16:14:17', '2020-01-15 16:14:17');
INSERT INTO `order_details` VALUES (71, 26, 17, 110, 4091.37665, 12, '2020-01-15 16:14:17', '2020-01-15 16:14:17');
INSERT INTO `order_details` VALUES (72, 11, 19, 23, 37795.441949, 12, '2020-01-15 16:14:17', '2020-01-15 16:14:17');
INSERT INTO `order_details` VALUES (73, 9, 17, 18, 40641.5190695, 12, '2020-01-15 16:14:17', '2020-01-15 16:14:17');
INSERT INTO `order_details` VALUES (74, 12, 16, 52, 16539.065, 12, '2020-01-15 16:14:17', '2020-01-15 16:14:17');
INSERT INTO `order_details` VALUES (75, 5, 19, 129, 14919.7332741, 12, '2020-01-15 16:14:17', '2020-01-15 16:14:17');
INSERT INTO `order_details` VALUES (76, 22, 16, 78, 42389, 12, '2020-01-15 16:14:17', '2020-01-15 16:14:17');
INSERT INTO `order_details` VALUES (77, 12, 15, 139, 8616, 12, '2020-01-15 16:14:17', '2020-01-15 16:14:17');
INSERT INTO `order_details` VALUES (78, 1, 20, 145, 36542.19798, 12, '2020-01-15 16:14:17', '2020-01-15 16:14:17');
INSERT INTO `order_details` VALUES (79, 25, 16, 79, 13204.53, 12, '2020-01-15 16:14:17', '2020-01-15 16:14:17');
INSERT INTO `order_details` VALUES (80, 21, 19, 121, 44238.04834, 12, '2020-01-15 16:14:17', '2020-01-15 16:14:17');
INSERT INTO `order_details` VALUES (81, 23, 18, 97, 40738, 12, '2020-01-15 16:14:17', '2020-01-15 16:14:17');
INSERT INTO `order_details` VALUES (82, 17, 19, 53, 30552.65309442, 12, '2020-01-15 16:14:17', '2020-01-15 16:14:17');
INSERT INTO `order_details` VALUES (83, 9, 19, 125, 47193.12509, 12, '2020-01-15 16:14:17', '2020-01-15 16:14:17');
INSERT INTO `order_details` VALUES (84, 12, 18, 12, 44675.906646, 12, '2020-01-15 16:14:17', '2020-01-15 16:14:17');
INSERT INTO `order_details` VALUES (85, 12, 18, 23, 47117, 12, '2020-01-15 16:14:17', '2020-01-15 16:14:17');
INSERT INTO `order_details` VALUES (86, 3, 16, 97, 33084.49356868, 12, '2020-01-15 16:14:17', '2020-01-15 16:14:17');
INSERT INTO `order_details` VALUES (87, 10, 19, 143, 19736, 12, '2020-01-15 16:14:17', '2020-01-15 16:14:17');
INSERT INTO `order_details` VALUES (88, 10, 18, 144, 27385.0460626, 12, '2020-01-15 16:14:17', '2020-01-15 16:14:17');
INSERT INTO `order_details` VALUES (89, 20, 20, 75, 35190.9423, 12, '2020-01-15 16:14:17', '2020-01-15 16:14:17');
INSERT INTO `order_details` VALUES (90, 18, 17, 20, 37378.7, 12, '2020-01-15 16:14:17', '2020-01-15 16:14:17');
INSERT INTO `order_details` VALUES (91, 5, 18, 13, 17702.44, 12, '2020-01-15 16:14:18', '2020-01-15 16:14:18');
INSERT INTO `order_details` VALUES (92, 3, 20, 104, 30928.2069757, 12, '2020-01-15 16:14:18', '2020-01-15 16:14:18');
INSERT INTO `order_details` VALUES (93, 24, 16, 11, 17743.88125, 12, '2020-01-15 16:14:18', '2020-01-15 16:14:18');
INSERT INTO `order_details` VALUES (94, 4, 16, 69, 35405.348588, 12, '2020-01-15 16:14:18', '2020-01-15 16:14:18');
INSERT INTO `order_details` VALUES (95, 16, 17, 83, 46301.5, 12, '2020-01-15 16:14:18', '2020-01-15 16:14:18');
INSERT INTO `order_details` VALUES (96, 30, 18, 141, 48990.31154, 12, '2020-01-15 16:14:18', '2020-01-15 16:14:18');
INSERT INTO `order_details` VALUES (97, 18, 15, 21, 37962.1082951, 12, '2020-01-15 16:14:18', '2020-01-15 16:14:18');
INSERT INTO `order_details` VALUES (98, 29, 17, 130, 44669.786846, 12, '2020-01-15 16:14:18', '2020-01-15 16:14:18');
INSERT INTO `order_details` VALUES (99, 12, 15, 35, 24978, 12, '2020-01-15 16:14:18', '2020-01-15 16:14:18');
INSERT INTO `order_details` VALUES (100, 21, 15, 125, 7166, 12, '2020-01-15 16:14:18', '2020-01-15 16:14:18');
INSERT INTO `order_details` VALUES (101, 37, 5, 3, 1964.1859, 5892.557699999999, '2020-01-15 16:56:30', '2020-01-15 16:56:30');

-- ----------------------------
-- Table structure for orders
-- ----------------------------
DROP TABLE IF EXISTS `orders`;
CREATE TABLE `orders`  (
  `id` int(10) UNSIGNED NOT NULL AUTO_INCREMENT,
  `user_id` int(10) UNSIGNED NOT NULL,
  `total_money` double NOT NULL,
  `request` text CHARACTER SET utf8mb4 COLLATE utf8mb4_unicode_ci NULL,
  `date_input` date NOT NULL,
  `delivered` varchar(191) CHARACTER SET utf8mb4 COLLATE utf8mb4_unicode_ci NOT NULL DEFAULT '1',
  `address` text CHARACTER SET utf8mb4 COLLATE utf8mb4_unicode_ci NOT NULL,
  `status` int(11) NOT NULL DEFAULT 1,
  `created_at` timestamp(0) NULL DEFAULT NULL,
  `updated_at` timestamp(0) NULL DEFAULT NULL,
  PRIMARY KEY (`id`) USING BTREE,
  INDEX `orders_user_id_foreign`(`user_id`) USING BTREE,
  CONSTRAINT `orders_user_id_foreign` FOREIGN KEY (`user_id`) REFERENCES `users` (`id`) ON DELETE RESTRICT ON UPDATE RESTRICT
) ENGINE = InnoDB AUTO_INCREMENT = 38 CHARACTER SET = utf8mb4 COLLATE = utf8mb4_unicode_ci ROW_FORMAT = Dynamic;

-- ----------------------------
-- Records of orders
-- ----------------------------
INSERT INTO `orders` VALUES (1, 12, 8521, 'text', '2014-09-08', 'text', '191 Morar Valleys Apt. 798\nPort Liliane, ND 76774', 2, '2020-01-15 16:14:15', '2020-01-15 16:14:15');
INSERT INTO `orders` VALUES (2, 10, 4538, 'text', '2001-02-15', 'text', '977 Mitchell Gateway\nSouth Gerardo, TX 16582', 2, '2020-01-15 16:14:15', '2020-01-15 16:14:15');
INSERT INTO `orders` VALUES (3, 6, 3053, 'text', '1996-08-08', 'text', '8511 Jarvis Ranch\nMileshaven, UT 22335-3796', 1, '2020-01-15 16:14:15', '2020-01-15 16:14:15');
INSERT INTO `orders` VALUES (4, 10, 15559, 'text', '2005-09-16', 'text', '2063 Doyle Curve Suite 792\nNew Cassandra, LA 55695', 1, '2020-01-15 16:14:15', '2020-01-15 16:14:15');
INSERT INTO `orders` VALUES (5, 16, 7252, 'text', '1999-04-25', 'text', '985 Marley Terrace Suite 602\nNew Christianhaven, WA 79821', 2, '2020-01-15 16:14:15', '2020-01-15 16:14:15');
INSERT INTO `orders` VALUES (6, 16, 6867, 'text', '2005-10-24', 'text', '685 Ryan Vista Suite 916\nNew Pete, NY 70416', 2, '2020-01-15 16:14:15', '2020-01-15 16:14:15');
INSERT INTO `orders` VALUES (7, 12, 16082, 'text', '1980-08-19', 'text', '3128 Koelpin Drives\nHahnchester, UT 53919', 1, '2020-01-15 16:14:15', '2020-01-15 16:14:15');
INSERT INTO `orders` VALUES (8, 13, 8953, 'text', '2015-10-28', 'text', '5842 Nedra Brook Suite 857\nNew Ned, VA 04688', 1, '2020-01-15 16:14:15', '2020-01-15 16:14:15');
INSERT INTO `orders` VALUES (9, 4, 14876, 'text', '1995-04-08', 'text', '83746 Jacquelyn Bypass Apt. 659\nKuhnland, MD 47365-2205', 3, '2020-01-15 16:14:15', '2020-01-15 16:14:15');
INSERT INTO `orders` VALUES (10, 13, 7956, 'text', '1987-03-26', 'text', '904 Koch Ford\nNew Aliciaburgh, WA 71178-1288', 2, '2020-01-15 16:14:15', '2020-01-15 16:14:15');
INSERT INTO `orders` VALUES (11, 4, 18641, 'text', '2010-02-08', 'text', '37020 Willis Points Suite 925\nWest Caylaburgh, OK 25534', 2, '2020-01-15 16:14:15', '2020-01-15 16:14:15');
INSERT INTO `orders` VALUES (12, 20, 18553, 'text', '1974-01-24', 'text', '3254 Jerde Burg\nJabarimouth, NC 18519', 2, '2020-01-15 16:14:15', '2020-01-15 16:14:15');
INSERT INTO `orders` VALUES (13, 4, 13078, 'text', '2015-08-16', 'text', '76204 Claudie Roads\nJasminstad, MA 89649-3784', 1, '2020-01-15 16:14:15', '2020-01-15 16:14:15');
INSERT INTO `orders` VALUES (14, 19, 7480, 'text', '2010-02-12', 'text', '72397 Mueller Causeway Apt. 127\nEast Rebecca, WI 82775-3248', 2, '2020-01-15 16:14:15', '2020-01-15 16:14:15');
INSERT INTO `orders` VALUES (15, 9, 9739, 'text', '1993-11-11', 'text', '15757 Lambert Heights Suite 317\nHagenesside, DC 59037', 3, '2020-01-15 16:14:15', '2020-01-15 16:14:15');
INSERT INTO `orders` VALUES (16, 19, 6764, 'text', '1971-08-18', 'text', '65984 Kris Roads Apt. 213\nSmithamchester, ID 18660', 2, '2020-01-15 16:14:15', '2020-01-15 16:14:15');
INSERT INTO `orders` VALUES (17, 10, 1022, 'text', '1991-10-11', 'text', '4123 Molly Hollow Apt. 432\nMichaleville, NY 10714', 3, '2020-01-15 16:14:15', '2020-01-15 16:14:15');
INSERT INTO `orders` VALUES (18, 3, 11218, 'text', '2001-09-26', 'text', '7285 Ratke Lake Apt. 437\nNorth Ramiroport, AL 63673-5442', 3, '2020-01-15 16:14:15', '2020-01-15 16:14:15');
INSERT INTO `orders` VALUES (19, 16, 10319, 'text', '2016-11-11', 'text', '491 Herzog Neck\nWest Hillardfort, WI 53590', 1, '2020-01-15 16:14:15', '2020-01-15 16:14:15');
INSERT INTO `orders` VALUES (20, 1, 18573, 'text', '2009-07-16', 'text', '65041 Audie Canyon Apt. 648\nSouth Tevin, MN 17310-8303', 2, '2020-01-15 16:14:15', '2020-01-15 16:14:15');
INSERT INTO `orders` VALUES (21, 1, 15407, 'text', '2002-12-27', 'text', '14224 Quitzon Meadows Suite 420\nSouth Violette, CA 00221', 3, '2020-01-15 16:14:15', '2020-01-15 16:14:15');
INSERT INTO `orders` VALUES (22, 7, 1991, 'text', '2002-08-10', 'text', '7743 Anderson Prairie\nPort Micaela, NE 28610-0019', 1, '2020-01-15 16:14:15', '2020-01-15 16:14:15');
INSERT INTO `orders` VALUES (23, 11, 11250, 'text', '2019-01-18', 'text', '52467 Parisian Land\nPort Zachery, NE 53821-1431', 2, '2020-01-15 16:14:15', '2020-01-15 16:14:15');
INSERT INTO `orders` VALUES (24, 13, 7727, 'text', '1999-11-02', 'text', '2380 Eva Well\nNew Enos, AR 13301-0112', 2, '2020-01-15 16:14:15', '2020-01-15 16:14:15');
INSERT INTO `orders` VALUES (25, 15, 11783, 'text', '2012-10-17', 'text', '787 Sipes Dam Apt. 497\nWest Jeanettemouth, MI 11128-5081', 1, '2020-01-15 16:14:15', '2020-01-15 16:14:15');
INSERT INTO `orders` VALUES (26, 2, 6080, 'text', '1993-03-29', 'text', '95611 Wisozk Ferry\nLake Rudolphstad, WI 34382', 1, '2020-01-15 16:14:15', '2020-01-15 16:14:15');
INSERT INTO `orders` VALUES (27, 5, 14978, 'text', '1992-02-23', 'text', '3293 Otto Canyon Apt. 187\nEast Jailyntown, DE 21440-1377', 3, '2020-01-15 16:14:15', '2020-01-15 16:14:15');
INSERT INTO `orders` VALUES (28, 3, 17771, 'text', '1990-02-11', 'text', '70715 Stehr Circle\nWest Addieland, NE 65355', 2, '2020-01-15 16:14:15', '2020-01-15 16:14:15');
INSERT INTO `orders` VALUES (29, 8, 3041, 'text', '2003-04-18', 'text', '28980 Devyn Mills Suite 022\nSouth Carolland, NC 83192', 2, '2020-01-15 16:14:15', '2020-01-15 16:14:15');
INSERT INTO `orders` VALUES (30, 7, 14683, 'text', '2013-06-06', 'text', '281 Witting Lane Apt. 333\nSteveshire, WV 36648', 1, '2020-01-15 16:14:15', '2020-01-15 16:14:15');
INSERT INTO `orders` VALUES (31, 12, 2303, 'text', '2010-06-03', 'text', '545 Dare Curve Apt. 060\nSydneyfurt, WY 61256', 3, '2020-01-15 16:14:15', '2020-01-15 16:14:15');
INSERT INTO `orders` VALUES (32, 4, 16499, 'text', '1984-06-30', 'text', '4054 Jake Islands Apt. 438\nAugustside, GA 94102-6072', 3, '2020-01-15 16:14:16', '2020-01-15 16:14:16');
INSERT INTO `orders` VALUES (33, 4, 17197, 'text', '1985-01-02', 'text', '654 Marcia Ports Apt. 732\nPort Pietrobury, OK 86437-8813', 3, '2020-01-15 16:14:16', '2020-01-15 16:14:16');
INSERT INTO `orders` VALUES (34, 2, 12534, 'text', '1993-08-05', 'text', '845 Zack Court Suite 206\nEast Ferne, AL 36640-3320', 2, '2020-01-15 16:14:16', '2020-01-15 16:14:16');
INSERT INTO `orders` VALUES (35, 16, 8566, 'text', '1995-02-07', 'text', '573 Garfield Expressway\nSouth Jamil, OH 29630', 3, '2020-01-15 16:14:16', '2020-01-15 16:14:16');
INSERT INTO `orders` VALUES (36, 1, 11410, 'text', '1995-09-26', 'text', '581 Crona Forge\nKleinview, OK 84176', 2, '2020-01-15 16:14:16', '2020-01-15 16:14:16');
INSERT INTO `orders` VALUES (37, 22, 5893, NULL, '2020-01-15', '1', 'Ha Noi', 1, '2020-01-15 16:56:30', '2020-01-15 16:56:30');

-- ----------------------------
-- Table structure for password_resets
-- ----------------------------
DROP TABLE IF EXISTS `password_resets`;
CREATE TABLE `password_resets`  (
  `email` varchar(191) CHARACTER SET utf8mb4 COLLATE utf8mb4_unicode_ci NOT NULL,
  `token` varchar(191) CHARACTER SET utf8mb4 COLLATE utf8mb4_unicode_ci NOT NULL,
  `created_at` timestamp(0) NULL DEFAULT NULL,
  INDEX `password_resets_email_index`(`email`) USING BTREE
) ENGINE = InnoDB CHARACTER SET = utf8mb4 COLLATE = utf8mb4_unicode_ci ROW_FORMAT = Dynamic;

-- ----------------------------
-- Table structure for products
-- ----------------------------
DROP TABLE IF EXISTS `products`;
CREATE TABLE `products`  (
  `id` int(10) UNSIGNED NOT NULL AUTO_INCREMENT,
  `code` varchar(191) CHARACTER SET utf8mb4 COLLATE utf8mb4_unicode_ci NOT NULL,
  `name` varchar(191) CHARACTER SET utf8mb4 COLLATE utf8mb4_unicode_ci NOT NULL,
  `detail` text CHARACTER SET utf8mb4 COLLATE utf8mb4_unicode_ci NULL,
  `feature` text CHARACTER SET utf8mb4 COLLATE utf8mb4_unicode_ci NULL,
  `use` text CHARACTER SET utf8mb4 COLLATE utf8mb4_unicode_ci NULL,
  `price` double NOT NULL,
  `image` text CHARACTER SET utf8mb4 COLLATE utf8mb4_unicode_ci NULL,
  `price_new` double NULL DEFAULT NULL,
  `quantity` int(11) NOT NULL,
  `warranty` int(11) NOT NULL,
  `color` varchar(191) CHARACTER SET utf8mb4 COLLATE utf8mb4_unicode_ci NULL DEFAULT NULL,
  `brand_id` int(10) UNSIGNED NOT NULL,
  `catagory_id` int(10) UNSIGNED NOT NULL,
  `status` int(11) NULL DEFAULT NULL,
  `year` int(11) NOT NULL,
  `created_at` timestamp(0) NULL DEFAULT NULL,
  `updated_at` timestamp(0) NULL DEFAULT NULL,
  PRIMARY KEY (`id`) USING BTREE,
  UNIQUE INDEX `products_code_unique`(`code`) USING BTREE,
  UNIQUE INDEX `products_name_unique`(`name`) USING BTREE,
  INDEX `products_brand_id_foreign`(`brand_id`) USING BTREE,
  INDEX `products_catagory_id_foreign`(`catagory_id`) USING BTREE,
  CONSTRAINT `products_brand_id_foreign` FOREIGN KEY (`brand_id`) REFERENCES `brands` (`id`) ON DELETE RESTRICT ON UPDATE RESTRICT,
  CONSTRAINT `products_catagory_id_foreign` FOREIGN KEY (`catagory_id`) REFERENCES `catagories` (`id`) ON DELETE RESTRICT ON UPDATE RESTRICT
) ENGINE = InnoDB AUTO_INCREMENT = 51 CHARACTER SET = utf8mb4 COLLATE = utf8mb4_unicode_ci ROW_FORMAT = Dynamic;

-- ----------------------------
-- Records of products
-- ----------------------------
INSERT INTO `products` VALUES (1, 'product7999', 'Blick', 'Lorem ipsum dolor sit amet, consectetur adipisicing elit, sed do eiusmod tempor incididunt ut labore et dolore magna aliqua. Ut enim ad minim veniam,', 'Lorem ipsum dolor sit amet, consectetur adipisicing elit, sed do eiusmod tempor incididunt ut labore et dolore magna aliqua. Ut enim ad minim veniam,', 'Lorem ipsum dolor sit amet, consectetur adipisicing elit, sed do eiusmod tempor incididunt ut labore et dolore magna aliqua. Ut enim ad minim veniam,', 1336.9593, '[\"uploads\\/products\\/5e1edaf81eaa0.jpg\"]', 1027.2098, 887, 249, 'Grey', 1, 1, 1, 2018, '2020-01-15 16:14:14', '2020-01-15 16:27:20');
INSERT INTO `products` VALUES (2, 'product684', 'Wuckert', 'Lorem ipsum dolor sit amet, consectetur adipisicing elit, sed do eiusmod tempor incididunt ut labore et dolore magna aliqua. Ut enim ad minim veniam,', 'Lorem ipsum dolor sit amet, consectetur adipisicing elit, sed do eiusmod tempor incididunt ut labore et dolore magna aliqua. Ut enim ad minim veniam,', 'Lorem ipsum dolor sit amet, consectetur adipisicing elit, sed do eiusmod tempor incididunt ut labore et dolore magna aliqua. Ut enim ad minim veniam,', 1402, '[\"uploads\\/products\\/5e1edaf81eaa0.jpg\"]', 947.1, 968, 74, 'Grey', 2, 2, 2, 2018, '2020-01-15 16:14:14', '2020-01-15 16:14:14');
INSERT INTO `products` VALUES (3, 'product8599', 'Feeney', 'Lorem ipsum dolor sit amet, consectetur adipisicing elit, sed do eiusmod tempor incididunt ut labore et dolore magna aliqua. Ut enim ad minim veniam,', 'Lorem ipsum dolor sit amet, consectetur adipisicing elit, sed do eiusmod tempor incididunt ut labore et dolore magna aliqua. Ut enim ad minim veniam,', 'Lorem ipsum dolor sit amet, consectetur adipisicing elit, sed do eiusmod tempor incididunt ut labore et dolore magna aliqua. Ut enim ad minim veniam,', 1703.97, '[\"uploads\\/products\\/5e1edaf81eaa0.jpg\"]', 1150.378734083, 600, 126, 'Rosegold', 2, 2, 4, 2018, '2020-01-15 16:14:14', '2020-01-15 16:14:14');
INSERT INTO `products` VALUES (4, 'product2189', 'Bernhard', 'Lorem ipsum dolor sit amet, consectetur adipisicing elit, sed do eiusmod tempor incididunt ut labore et dolore magna aliqua. Ut enim ad minim veniam,', 'Lorem ipsum dolor sit amet, consectetur adipisicing elit, sed do eiusmod tempor incididunt ut labore et dolore magna aliqua. Ut enim ad minim veniam,', 'Lorem ipsum dolor sit amet, consectetur adipisicing elit, sed do eiusmod tempor incididunt ut labore et dolore magna aliqua. Ut enim ad minim veniam,', 1065.721, '[\"uploads\\/products\\/5e1edaf81eaa0.jpg\"]', 998.1, 901, 354, 'Rosegold', 2, 2, 2, 2018, '2020-01-15 16:14:14', '2020-01-15 16:14:14');
INSERT INTO `products` VALUES (5, 'product7742', 'Yost', 'Lorem ipsum dolor sit amet, consectetur adipisicing elit, sed do eiusmod tempor incididunt ut labore et dolore magna aliqua. Ut enim ad minim veniam,', 'Lorem ipsum dolor sit amet, consectetur adipisicing elit, sed do eiusmod tempor incididunt ut labore et dolore magna aliqua. Ut enim ad minim veniam,', 'Lorem ipsum dolor sit amet, consectetur adipisicing elit, sed do eiusmod tempor incididunt ut labore et dolore magna aliqua. Ut enim ad minim veniam,', 1964.1859, '[\"uploads\\/products\\/5e1edaf81eaa0.jpg\"]', 1161.2055526, 777, 29, 'Silver', 1, 1, 1, 2018, '2020-01-15 16:14:14', '2020-01-15 16:56:30');
INSERT INTO `products` VALUES (6, 'product7766', 'Weber', 'Lorem ipsum dolor sit amet, consectetur adipisicing elit, sed do eiusmod tempor incididunt ut labore et dolore magna aliqua. Ut enim ad minim veniam,', 'Lorem ipsum dolor sit amet, consectetur adipisicing elit, sed do eiusmod tempor incididunt ut labore et dolore magna aliqua. Ut enim ad minim veniam,', 'Lorem ipsum dolor sit amet, consectetur adipisicing elit, sed do eiusmod tempor incididunt ut labore et dolore magna aliqua. Ut enim ad minim veniam,', 1141, '[\"uploads\\/products\\/5e1edaf81eaa0.jpg\"]', 924.2, 476, 137, 'Rosegold', 1, 1, 4, 2018, '2020-01-15 16:14:14', '2020-01-15 16:14:14');
INSERT INTO `products` VALUES (7, 'product1412', 'Muller', 'Lorem ipsum dolor sit amet, consectetur adipisicing elit, sed do eiusmod tempor incididunt ut labore et dolore magna aliqua. Ut enim ad minim veniam,', 'Lorem ipsum dolor sit amet, consectetur adipisicing elit, sed do eiusmod tempor incididunt ut labore et dolore magna aliqua. Ut enim ad minim veniam,', 'Lorem ipsum dolor sit amet, consectetur adipisicing elit, sed do eiusmod tempor incididunt ut labore et dolore magna aliqua. Ut enim ad minim veniam,', 1602.2352, '[\"uploads\\/products\\/5e1edaf81eaa0.jpg\"]', 909.919312834, 813, 53, 'Pink', 2, 2, 4, 2018, '2020-01-15 16:14:14', '2020-01-15 16:14:14');
INSERT INTO `products` VALUES (8, 'product4373', 'Tillman', 'Lorem ipsum dolor sit amet, consectetur adipisicing elit, sed do eiusmod tempor incididunt ut labore et dolore magna aliqua. Ut enim ad minim veniam,', 'Lorem ipsum dolor sit amet, consectetur adipisicing elit, sed do eiusmod tempor incididunt ut labore et dolore magna aliqua. Ut enim ad minim veniam,', 'Lorem ipsum dolor sit amet, consectetur adipisicing elit, sed do eiusmod tempor incididunt ut labore et dolore magna aliqua. Ut enim ad minim veniam,', 1403.9, '[\"uploads\\/products\\/5e1edaf81eaa0.jpg\"]', 1050.2196219, 889, 235, 'Pink', 1, 1, 4, 2018, '2020-01-15 16:14:14', '2020-01-15 16:14:14');
INSERT INTO `products` VALUES (9, 'product910', 'Kautzer', 'Lorem ipsum dolor sit amet, consectetur adipisicing elit, sed do eiusmod tempor incididunt ut labore et dolore magna aliqua. Ut enim ad minim veniam,', 'Lorem ipsum dolor sit amet, consectetur adipisicing elit, sed do eiusmod tempor incididunt ut labore et dolore magna aliqua. Ut enim ad minim veniam,', 'Lorem ipsum dolor sit amet, consectetur adipisicing elit, sed do eiusmod tempor incididunt ut labore et dolore magna aliqua. Ut enim ad minim veniam,', 1730, '[\"uploads\\/products\\/5e1edaf81eaa0.jpg\"]', 1109, 78, 55, 'Rosegold', 1, 1, 2, 2018, '2020-01-15 16:14:14', '2020-01-15 16:14:14');
INSERT INTO `products` VALUES (10, 'product7239', 'Hauck', 'Lorem ipsum dolor sit amet, consectetur adipisicing elit, sed do eiusmod tempor incididunt ut labore et dolore magna aliqua. Ut enim ad minim veniam,', 'Lorem ipsum dolor sit amet, consectetur adipisicing elit, sed do eiusmod tempor incididunt ut labore et dolore magna aliqua. Ut enim ad minim veniam,', 'Lorem ipsum dolor sit amet, consectetur adipisicing elit, sed do eiusmod tempor incididunt ut labore et dolore magna aliqua. Ut enim ad minim veniam,', 1599, '[\"uploads\\/products\\/5e1edaf81eaa0.jpg\"]', 1111.8796996, 565, 273, 'Rosegold', 3, 3, 2, 2018, '2020-01-15 16:14:14', '2020-01-15 16:14:14');
INSERT INTO `products` VALUES (11, 'product5336', 'Hammes', 'Lorem ipsum dolor sit amet, consectetur adipisicing elit, sed do eiusmod tempor incididunt ut labore et dolore magna aliqua. Ut enim ad minim veniam,', 'Lorem ipsum dolor sit amet, consectetur adipisicing elit, sed do eiusmod tempor incididunt ut labore et dolore magna aliqua. Ut enim ad minim veniam,', 'Lorem ipsum dolor sit amet, consectetur adipisicing elit, sed do eiusmod tempor incididunt ut labore et dolore magna aliqua. Ut enim ad minim veniam,', 1209.453, '[\"uploads\\/products\\/5e1edaf81eaa0.jpg\"]', 1001.6889, 801, 131, 'Grey', 3, 3, 2, 2018, '2020-01-15 16:14:14', '2020-01-15 16:14:14');
INSERT INTO `products` VALUES (12, 'product3874', 'Klocko', 'Lorem ipsum dolor sit amet, consectetur adipisicing elit, sed do eiusmod tempor incididunt ut labore et dolore magna aliqua. Ut enim ad minim veniam,', 'Lorem ipsum dolor sit amet, consectetur adipisicing elit, sed do eiusmod tempor incididunt ut labore et dolore magna aliqua. Ut enim ad minim veniam,', 'Lorem ipsum dolor sit amet, consectetur adipisicing elit, sed do eiusmod tempor incididunt ut labore et dolore magna aliqua. Ut enim ad minim veniam,', 1008.0532, '[\"uploads\\/products\\/5e1edaf81eaa0.jpg\"]', 1091.22, 382, 238, 'Gold', 3, 3, 1, 2018, '2020-01-15 16:14:14', '2020-01-15 16:14:14');
INSERT INTO `products` VALUES (13, 'product1534', 'Cremin', 'Lorem ipsum dolor sit amet, consectetur adipisicing elit, sed do eiusmod tempor incididunt ut labore et dolore magna aliqua. Ut enim ad minim veniam,', 'Lorem ipsum dolor sit amet, consectetur adipisicing elit, sed do eiusmod tempor incididunt ut labore et dolore magna aliqua. Ut enim ad minim veniam,', 'Lorem ipsum dolor sit amet, consectetur adipisicing elit, sed do eiusmod tempor incididunt ut labore et dolore magna aliqua. Ut enim ad minim veniam,', 1784.2212, '[\"uploads\\/products\\/5e1edaf81eaa0.jpg\"]', 940.36116, 645, 229, 'Silver', 1, 1, 2, 2018, '2020-01-15 16:14:14', '2020-01-15 16:14:14');
INSERT INTO `products` VALUES (14, 'product6592', 'Runolfsdottir', 'Lorem ipsum dolor sit amet, consectetur adipisicing elit, sed do eiusmod tempor incididunt ut labore et dolore magna aliqua. Ut enim ad minim veniam,', 'Lorem ipsum dolor sit amet, consectetur adipisicing elit, sed do eiusmod tempor incididunt ut labore et dolore magna aliqua. Ut enim ad minim veniam,', 'Lorem ipsum dolor sit amet, consectetur adipisicing elit, sed do eiusmod tempor incididunt ut labore et dolore magna aliqua. Ut enim ad minim veniam,', 1358.467, '[\"uploads\\/products\\/5e1edaf81eaa0.jpg\"]', 1039.76766, 326, 273, 'Silver', 2, 2, 4, 2018, '2020-01-15 16:14:14', '2020-01-15 16:14:14');
INSERT INTO `products` VALUES (15, 'product5160', 'Marks', 'Lorem ipsum dolor sit amet, consectetur adipisicing elit, sed do eiusmod tempor incididunt ut labore et dolore magna aliqua. Ut enim ad minim veniam,', 'Lorem ipsum dolor sit amet, consectetur adipisicing elit, sed do eiusmod tempor incididunt ut labore et dolore magna aliqua. Ut enim ad minim veniam,', 'Lorem ipsum dolor sit amet, consectetur adipisicing elit, sed do eiusmod tempor incididunt ut labore et dolore magna aliqua. Ut enim ad minim veniam,', 1525.754454, '[\"uploads\\/products\\/5e1edaf81eaa0.jpg\"]', 1032.1286, 139, 138, 'Black', 3, 3, 1, 2018, '2020-01-15 16:14:14', '2020-01-15 16:14:14');
INSERT INTO `products` VALUES (16, 'product7371', 'Quigley', 'Lorem ipsum dolor sit amet, consectetur adipisicing elit, sed do eiusmod tempor incididunt ut labore et dolore magna aliqua. Ut enim ad minim veniam,', 'Lorem ipsum dolor sit amet, consectetur adipisicing elit, sed do eiusmod tempor incididunt ut labore et dolore magna aliqua. Ut enim ad minim veniam,', 'Lorem ipsum dolor sit amet, consectetur adipisicing elit, sed do eiusmod tempor incididunt ut labore et dolore magna aliqua. Ut enim ad minim veniam,', 1022.702, '[\"uploads\\/products\\/5e1edaf81eaa0.jpg\"]', 1121.16967836, 331, 33, 'Rosegold', 2, 2, 2, 2018, '2020-01-15 16:14:14', '2020-01-15 16:14:14');
INSERT INTO `products` VALUES (17, 'product9486', 'Rau', 'Lorem ipsum dolor sit amet, consectetur adipisicing elit, sed do eiusmod tempor incididunt ut labore et dolore magna aliqua. Ut enim ad minim veniam,', 'Lorem ipsum dolor sit amet, consectetur adipisicing elit, sed do eiusmod tempor incididunt ut labore et dolore magna aliqua. Ut enim ad minim veniam,', 'Lorem ipsum dolor sit amet, consectetur adipisicing elit, sed do eiusmod tempor incididunt ut labore et dolore magna aliqua. Ut enim ad minim veniam,', 1326.56230374, '[\"uploads\\/products\\/5e1edaf81eaa0.jpg\"]', 984.64566, 830, 258, 'Gold', 2, 2, 1, 2018, '2020-01-15 16:14:15', '2020-01-15 16:14:15');
INSERT INTO `products` VALUES (18, 'product3575', 'Hickle', 'Lorem ipsum dolor sit amet, consectetur adipisicing elit, sed do eiusmod tempor incididunt ut labore et dolore magna aliqua. Ut enim ad minim veniam,', 'Lorem ipsum dolor sit amet, consectetur adipisicing elit, sed do eiusmod tempor incididunt ut labore et dolore magna aliqua. Ut enim ad minim veniam,', 'Lorem ipsum dolor sit amet, consectetur adipisicing elit, sed do eiusmod tempor incididunt ut labore et dolore magna aliqua. Ut enim ad minim veniam,', 1313, '[\"uploads\\/products\\/5e1edaf81eaa0.jpg\"]', 905.1522204, 809, 228, 'Grey', 1, 1, 3, 2018, '2020-01-15 16:14:15', '2020-01-15 16:14:15');
INSERT INTO `products` VALUES (19, 'product1539', 'Cartwright', 'Lorem ipsum dolor sit amet, consectetur adipisicing elit, sed do eiusmod tempor incididunt ut labore et dolore magna aliqua. Ut enim ad minim veniam,', 'Lorem ipsum dolor sit amet, consectetur adipisicing elit, sed do eiusmod tempor incididunt ut labore et dolore magna aliqua. Ut enim ad minim veniam,', 'Lorem ipsum dolor sit amet, consectetur adipisicing elit, sed do eiusmod tempor incididunt ut labore et dolore magna aliqua. Ut enim ad minim veniam,', 1041, '[\"uploads\\/products\\/5e1edaf81eaa0.jpg\"]', 1010.8, 521, 334, 'Rosegold', 1, 1, 3, 2018, '2020-01-15 16:14:15', '2020-01-15 16:14:15');
INSERT INTO `products` VALUES (20, 'product7897', 'Murray', 'Lorem ipsum dolor sit amet, consectetur adipisicing elit, sed do eiusmod tempor incididunt ut labore et dolore magna aliqua. Ut enim ad minim veniam,', 'Lorem ipsum dolor sit amet, consectetur adipisicing elit, sed do eiusmod tempor incididunt ut labore et dolore magna aliqua. Ut enim ad minim veniam,', 'Lorem ipsum dolor sit amet, consectetur adipisicing elit, sed do eiusmod tempor incididunt ut labore et dolore magna aliqua. Ut enim ad minim veniam,', 1390.514, '[\"uploads\\/products\\/5e1edaf81eaa0.jpg\"]', 963, 945, 181, 'Rosegold', 2, 2, 2, 2018, '2020-01-15 16:14:15', '2020-01-15 16:14:15');
INSERT INTO `products` VALUES (21, 'product6883', 'Crona', 'Lorem ipsum dolor sit amet, consectetur adipisicing elit, sed do eiusmod tempor incididunt ut labore et dolore magna aliqua. Ut enim ad minim veniam,', 'Lorem ipsum dolor sit amet, consectetur adipisicing elit, sed do eiusmod tempor incididunt ut labore et dolore magna aliqua. Ut enim ad minim veniam,', 'Lorem ipsum dolor sit amet, consectetur adipisicing elit, sed do eiusmod tempor incididunt ut labore et dolore magna aliqua. Ut enim ad minim veniam,', 1121.87901238, '[\"uploads\\/products\\/5e1edaf81eaa0.jpg\"]', 1002.17539384, 295, 80, 'Rosegold', 3, 3, 3, 2018, '2020-01-15 16:14:15', '2020-01-15 16:14:15');
INSERT INTO `products` VALUES (22, 'product4788', 'Bauch', 'Lorem ipsum dolor sit amet, consectetur adipisicing elit, sed do eiusmod tempor incididunt ut labore et dolore magna aliqua. Ut enim ad minim veniam,', 'Lorem ipsum dolor sit amet, consectetur adipisicing elit, sed do eiusmod tempor incididunt ut labore et dolore magna aliqua. Ut enim ad minim veniam,', 'Lorem ipsum dolor sit amet, consectetur adipisicing elit, sed do eiusmod tempor incididunt ut labore et dolore magna aliqua. Ut enim ad minim veniam,', 1962.257, '[\"uploads\\/products\\/5e1edaf81eaa0.jpg\"]', 1009.60227401, 443, 286, 'Rosegold', 2, 2, 3, 2018, '2020-01-15 16:14:15', '2020-01-15 16:14:15');
INSERT INTO `products` VALUES (23, 'product8413', 'Baumbach', 'Lorem ipsum dolor sit amet, consectetur adipisicing elit, sed do eiusmod tempor incididunt ut labore et dolore magna aliqua. Ut enim ad minim veniam,', 'Lorem ipsum dolor sit amet, consectetur adipisicing elit, sed do eiusmod tempor incididunt ut labore et dolore magna aliqua. Ut enim ad minim veniam,', 'Lorem ipsum dolor sit amet, consectetur adipisicing elit, sed do eiusmod tempor incididunt ut labore et dolore magna aliqua. Ut enim ad minim veniam,', 1810.38, '[\"uploads\\/products\\/5e1edaf81eaa0.jpg\"]', 1146.2748, 267, 166, 'Silver', 2, 2, 4, 2018, '2020-01-15 16:14:15', '2020-01-15 16:14:15');
INSERT INTO `products` VALUES (24, 'product2949', 'Blanda', 'Lorem ipsum dolor sit amet, consectetur adipisicing elit, sed do eiusmod tempor incididunt ut labore et dolore magna aliqua. Ut enim ad minim veniam,', 'Lorem ipsum dolor sit amet, consectetur adipisicing elit, sed do eiusmod tempor incididunt ut labore et dolore magna aliqua. Ut enim ad minim veniam,', 'Lorem ipsum dolor sit amet, consectetur adipisicing elit, sed do eiusmod tempor incididunt ut labore et dolore magna aliqua. Ut enim ad minim veniam,', 1679.2, '[\"uploads\\/products\\/5e1edaf81eaa0.jpg\"]', 1091.4, 120, 118, 'Pink', 1, 1, 3, 2018, '2020-01-15 16:14:15', '2020-01-15 16:14:15');
INSERT INTO `products` VALUES (25, 'product4383', 'Schuppe', 'Lorem ipsum dolor sit amet, consectetur adipisicing elit, sed do eiusmod tempor incididunt ut labore et dolore magna aliqua. Ut enim ad minim veniam,', 'Lorem ipsum dolor sit amet, consectetur adipisicing elit, sed do eiusmod tempor incididunt ut labore et dolore magna aliqua. Ut enim ad minim veniam,', 'Lorem ipsum dolor sit amet, consectetur adipisicing elit, sed do eiusmod tempor incididunt ut labore et dolore magna aliqua. Ut enim ad minim veniam,', 1698.055842751, '[\"uploads\\/products\\/5e1edaf81eaa0.jpg\"]', 943.00376, 475, 272, 'Black', 1, 1, 3, 2018, '2020-01-15 16:14:15', '2020-01-15 16:14:15');
INSERT INTO `products` VALUES (26, 'product2246', 'Wiegand', 'Lorem ipsum dolor sit amet, consectetur adipisicing elit, sed do eiusmod tempor incididunt ut labore et dolore magna aliqua. Ut enim ad minim veniam,', 'Lorem ipsum dolor sit amet, consectetur adipisicing elit, sed do eiusmod tempor incididunt ut labore et dolore magna aliqua. Ut enim ad minim veniam,', 'Lorem ipsum dolor sit amet, consectetur adipisicing elit, sed do eiusmod tempor incididunt ut labore et dolore magna aliqua. Ut enim ad minim veniam,', 1361.3204, '[\"uploads\\/products\\/5e1edaf81eaa0.jpg\"]', 1064.1446553, 173, 146, 'Grey', 3, 3, 2, 2018, '2020-01-15 16:14:15', '2020-01-15 16:14:15');
INSERT INTO `products` VALUES (27, 'product9190', 'Corwin', 'Lorem ipsum dolor sit amet, consectetur adipisicing elit, sed do eiusmod tempor incididunt ut labore et dolore magna aliqua. Ut enim ad minim veniam,', 'Lorem ipsum dolor sit amet, consectetur adipisicing elit, sed do eiusmod tempor incididunt ut labore et dolore magna aliqua. Ut enim ad minim veniam,', 'Lorem ipsum dolor sit amet, consectetur adipisicing elit, sed do eiusmod tempor incididunt ut labore et dolore magna aliqua. Ut enim ad minim veniam,', 1483.555138802, '[\"uploads\\/products\\/5e1edaf81eaa0.jpg\"]', 934.1529802, 937, 141, 'Gold', 3, 3, 3, 2018, '2020-01-15 16:14:15', '2020-01-15 16:14:15');
INSERT INTO `products` VALUES (28, 'product3534', 'Dach', 'Lorem ipsum dolor sit amet, consectetur adipisicing elit, sed do eiusmod tempor incididunt ut labore et dolore magna aliqua. Ut enim ad minim veniam,', 'Lorem ipsum dolor sit amet, consectetur adipisicing elit, sed do eiusmod tempor incididunt ut labore et dolore magna aliqua. Ut enim ad minim veniam,', 'Lorem ipsum dolor sit amet, consectetur adipisicing elit, sed do eiusmod tempor incididunt ut labore et dolore magna aliqua. Ut enim ad minim veniam,', 1144.701, '[\"uploads\\/products\\/5e1edaf81eaa0.jpg\"]', 1157.033, 988, 330, 'Rosegold', 3, 3, 4, 2018, '2020-01-15 16:14:15', '2020-01-15 16:14:15');
INSERT INTO `products` VALUES (29, 'product6617', 'Hettinger', 'Lorem ipsum dolor sit amet, consectetur adipisicing elit, sed do eiusmod tempor incididunt ut labore et dolore magna aliqua. Ut enim ad minim veniam,', 'Lorem ipsum dolor sit amet, consectetur adipisicing elit, sed do eiusmod tempor incididunt ut labore et dolore magna aliqua. Ut enim ad minim veniam,', 'Lorem ipsum dolor sit amet, consectetur adipisicing elit, sed do eiusmod tempor incididunt ut labore et dolore magna aliqua. Ut enim ad minim veniam,', 1698.61, '[\"uploads\\/products\\/5e1edaf81eaa0.jpg\"]', 1065.4, 192, 276, 'Pink', 2, 2, 3, 2018, '2020-01-15 16:14:15', '2020-01-15 16:14:15');
INSERT INTO `products` VALUES (30, 'product8674', 'Fisher', 'Lorem ipsum dolor sit amet, consectetur adipisicing elit, sed do eiusmod tempor incididunt ut labore et dolore magna aliqua. Ut enim ad minim veniam,', 'Lorem ipsum dolor sit amet, consectetur adipisicing elit, sed do eiusmod tempor incididunt ut labore et dolore magna aliqua. Ut enim ad minim veniam,', 'Lorem ipsum dolor sit amet, consectetur adipisicing elit, sed do eiusmod tempor incididunt ut labore et dolore magna aliqua. Ut enim ad minim veniam,', 1749.46, '[\"uploads\\/products\\/5e1edaf81eaa0.jpg\"]', 1133.41, 624, 255, 'Pink', 2, 2, 3, 2018, '2020-01-15 16:14:15', '2020-01-15 16:14:15');
INSERT INTO `products` VALUES (31, 'product9604', 'O\'Connell', 'Lorem ipsum dolor sit amet, consectetur adipisicing elit, sed do eiusmod tempor incididunt ut labore et dolore magna aliqua. Ut enim ad minim veniam,', 'Lorem ipsum dolor sit amet, consectetur adipisicing elit, sed do eiusmod tempor incididunt ut labore et dolore magna aliqua. Ut enim ad minim veniam,', 'Lorem ipsum dolor sit amet, consectetur adipisicing elit, sed do eiusmod tempor incididunt ut labore et dolore magna aliqua. Ut enim ad minim veniam,', 1211.4105, '[\"uploads\\/products\\/5e1edaf81eaa0.jpg\"]', 1135.52797322, 451, 226, 'Black', 2, 2, 2, 2018, '2020-01-15 16:14:15', '2020-01-15 16:14:15');
INSERT INTO `products` VALUES (32, 'product3857', 'Senger', 'Lorem ipsum dolor sit amet, consectetur adipisicing elit, sed do eiusmod tempor incididunt ut labore et dolore magna aliqua. Ut enim ad minim veniam,', 'Lorem ipsum dolor sit amet, consectetur adipisicing elit, sed do eiusmod tempor incididunt ut labore et dolore magna aliqua. Ut enim ad minim veniam,', 'Lorem ipsum dolor sit amet, consectetur adipisicing elit, sed do eiusmod tempor incididunt ut labore et dolore magna aliqua. Ut enim ad minim veniam,', 1223.3346935, '[\"uploads\\/products\\/5e1edaf81eaa0.jpg\"]', 1117, 426, 100, 'Black', 1, 1, 2, 2018, '2020-01-15 16:14:15', '2020-01-15 16:14:15');
INSERT INTO `products` VALUES (33, 'product1895', 'Abshire', 'Lorem ipsum dolor sit amet, consectetur adipisicing elit, sed do eiusmod tempor incididunt ut labore et dolore magna aliqua. Ut enim ad minim veniam,', 'Lorem ipsum dolor sit amet, consectetur adipisicing elit, sed do eiusmod tempor incididunt ut labore et dolore magna aliqua. Ut enim ad minim veniam,', 'Lorem ipsum dolor sit amet, consectetur adipisicing elit, sed do eiusmod tempor incididunt ut labore et dolore magna aliqua. Ut enim ad minim veniam,', 1026.981608, '[\"uploads\\/products\\/5e1edaf81eaa0.jpg\"]', 967.6, 427, 134, 'Gold', 2, 2, 1, 2018, '2020-01-15 16:14:15', '2020-01-15 16:14:15');
INSERT INTO `products` VALUES (34, 'product7405', 'Fay', 'Lorem ipsum dolor sit amet, consectetur adipisicing elit, sed do eiusmod tempor incididunt ut labore et dolore magna aliqua. Ut enim ad minim veniam,', 'Lorem ipsum dolor sit amet, consectetur adipisicing elit, sed do eiusmod tempor incididunt ut labore et dolore magna aliqua. Ut enim ad minim veniam,', 'Lorem ipsum dolor sit amet, consectetur adipisicing elit, sed do eiusmod tempor incididunt ut labore et dolore magna aliqua. Ut enim ad minim veniam,', 1921.1627, '[\"uploads\\/products\\/5e1edaf81eaa0.jpg\"]', 958.2718, 46, 23, 'Grey', 3, 3, 3, 2018, '2020-01-15 16:14:15', '2020-01-15 16:14:15');
INSERT INTO `products` VALUES (35, 'product5415', 'Waelchi', 'Lorem ipsum dolor sit amet, consectetur adipisicing elit, sed do eiusmod tempor incididunt ut labore et dolore magna aliqua. Ut enim ad minim veniam,', 'Lorem ipsum dolor sit amet, consectetur adipisicing elit, sed do eiusmod tempor incididunt ut labore et dolore magna aliqua. Ut enim ad minim veniam,', 'Lorem ipsum dolor sit amet, consectetur adipisicing elit, sed do eiusmod tempor incididunt ut labore et dolore magna aliqua. Ut enim ad minim veniam,', 1698.9867, '[\"uploads\\/products\\/5e1edaf81eaa0.jpg\"]', 1151.69752443, 600, 229, 'Silver', 3, 3, 3, 2018, '2020-01-15 16:14:15', '2020-01-15 16:14:15');
INSERT INTO `products` VALUES (36, 'product8211', 'Shields', 'Lorem ipsum dolor sit amet, consectetur adipisicing elit, sed do eiusmod tempor incididunt ut labore et dolore magna aliqua. Ut enim ad minim veniam,', 'Lorem ipsum dolor sit amet, consectetur adipisicing elit, sed do eiusmod tempor incididunt ut labore et dolore magna aliqua. Ut enim ad minim veniam,', 'Lorem ipsum dolor sit amet, consectetur adipisicing elit, sed do eiusmod tempor incididunt ut labore et dolore magna aliqua. Ut enim ad minim veniam,', 1111.8833, '[\"uploads\\/products\\/5e1edaf81eaa0.jpg\"]', 957.2723959, 912, 276, 'Silver', 2, 2, 4, 2018, '2020-01-15 16:14:15', '2020-01-15 16:14:15');
INSERT INTO `products` VALUES (37, 'product7095', 'Corkery', 'Lorem ipsum dolor sit amet, consectetur adipisicing elit, sed do eiusmod tempor incididunt ut labore et dolore magna aliqua. Ut enim ad minim veniam,', 'Lorem ipsum dolor sit amet, consectetur adipisicing elit, sed do eiusmod tempor incididunt ut labore et dolore magna aliqua. Ut enim ad minim veniam,', 'Lorem ipsum dolor sit amet, consectetur adipisicing elit, sed do eiusmod tempor incididunt ut labore et dolore magna aliqua. Ut enim ad minim veniam,', 1145.14632902, '[\"uploads\\/products\\/5e1edaf81eaa0.jpg\"]', 960.567, 575, 54, 'Grey', 3, 3, 4, 2018, '2020-01-15 16:14:15', '2020-01-15 16:14:15');
INSERT INTO `products` VALUES (38, 'product6563', 'Wisozk', 'Lorem ipsum dolor sit amet, consectetur adipisicing elit, sed do eiusmod tempor incididunt ut labore et dolore magna aliqua. Ut enim ad minim veniam,', 'Lorem ipsum dolor sit amet, consectetur adipisicing elit, sed do eiusmod tempor incididunt ut labore et dolore magna aliqua. Ut enim ad minim veniam,', 'Lorem ipsum dolor sit amet, consectetur adipisicing elit, sed do eiusmod tempor incididunt ut labore et dolore magna aliqua. Ut enim ad minim veniam,', 1852.2417438, '[\"uploads\\/products\\/5e1edaf81eaa0.jpg\"]', 1044.09326, 528, 54, 'Gold', 3, 3, 3, 2018, '2020-01-15 16:14:15', '2020-01-15 16:14:15');
INSERT INTO `products` VALUES (39, 'product3761', 'Kuhlman', 'Lorem ipsum dolor sit amet, consectetur adipisicing elit, sed do eiusmod tempor incididunt ut labore et dolore magna aliqua. Ut enim ad minim veniam,', 'Lorem ipsum dolor sit amet, consectetur adipisicing elit, sed do eiusmod tempor incididunt ut labore et dolore magna aliqua. Ut enim ad minim veniam,', 'Lorem ipsum dolor sit amet, consectetur adipisicing elit, sed do eiusmod tempor incididunt ut labore et dolore magna aliqua. Ut enim ad minim veniam,', 1143.587, '[\"uploads\\/products\\/5e1edaf81eaa0.jpg\"]', 983.6, 879, 219, 'Silver', 3, 3, 4, 2018, '2020-01-15 16:14:15', '2020-01-15 16:14:15');
INSERT INTO `products` VALUES (40, 'product30', 'Beatty', 'Lorem ipsum dolor sit amet, consectetur adipisicing elit, sed do eiusmod tempor incididunt ut labore et dolore magna aliqua. Ut enim ad minim veniam,', 'Lorem ipsum dolor sit amet, consectetur adipisicing elit, sed do eiusmod tempor incididunt ut labore et dolore magna aliqua. Ut enim ad minim veniam,', 'Lorem ipsum dolor sit amet, consectetur adipisicing elit, sed do eiusmod tempor incididunt ut labore et dolore magna aliqua. Ut enim ad minim veniam,', 1884.9, '[\"uploads\\/products\\/5e1edaf81eaa0.jpg\"]', 958.050805823, 412, 258, 'Gold', 3, 3, 4, 2018, '2020-01-15 16:14:15', '2020-01-15 16:14:15');
INSERT INTO `products` VALUES (41, 'product4330', 'Strosin', 'Lorem ipsum dolor sit amet, consectetur adipisicing elit, sed do eiusmod tempor incididunt ut labore et dolore magna aliqua. Ut enim ad minim veniam,', 'Lorem ipsum dolor sit amet, consectetur adipisicing elit, sed do eiusmod tempor incididunt ut labore et dolore magna aliqua. Ut enim ad minim veniam,', 'Lorem ipsum dolor sit amet, consectetur adipisicing elit, sed do eiusmod tempor incididunt ut labore et dolore magna aliqua. Ut enim ad minim veniam,', 1027.824, '[\"uploads\\/products\\/5e1edaf81eaa0.jpg\"]', 1041.3795771, 463, 271, 'Silver', 3, 3, 4, 2018, '2020-01-15 16:14:15', '2020-01-15 16:14:15');
INSERT INTO `products` VALUES (42, 'product7352', 'Kiehn', 'Lorem ipsum dolor sit amet, consectetur adipisicing elit, sed do eiusmod tempor incididunt ut labore et dolore magna aliqua. Ut enim ad minim veniam,', 'Lorem ipsum dolor sit amet, consectetur adipisicing elit, sed do eiusmod tempor incididunt ut labore et dolore magna aliqua. Ut enim ad minim veniam,', 'Lorem ipsum dolor sit amet, consectetur adipisicing elit, sed do eiusmod tempor incididunt ut labore et dolore magna aliqua. Ut enim ad minim veniam,', 1773.549732647, '[\"uploads\\/products\\/5e1edaf81eaa0.jpg\"]', 1200, 959, 159, 'Black', 2, 2, 2, 2018, '2020-01-15 16:14:15', '2020-01-15 16:14:15');
INSERT INTO `products` VALUES (43, 'product3160', 'Morar', 'Lorem ipsum dolor sit amet, consectetur adipisicing elit, sed do eiusmod tempor incididunt ut labore et dolore magna aliqua. Ut enim ad minim veniam,', 'Lorem ipsum dolor sit amet, consectetur adipisicing elit, sed do eiusmod tempor incididunt ut labore et dolore magna aliqua. Ut enim ad minim veniam,', 'Lorem ipsum dolor sit amet, consectetur adipisicing elit, sed do eiusmod tempor incididunt ut labore et dolore magna aliqua. Ut enim ad minim veniam,', 1265.0875, '[\"uploads\\/products\\/5e1edaf81eaa0.jpg\"]', 1146.066247, 721, 311, 'Pink', 3, 3, 1, 2018, '2020-01-15 16:14:15', '2020-01-15 16:14:15');
INSERT INTO `products` VALUES (44, 'product9331', 'Gulgowski', 'Lorem ipsum dolor sit amet, consectetur adipisicing elit, sed do eiusmod tempor incididunt ut labore et dolore magna aliqua. Ut enim ad minim veniam,', 'Lorem ipsum dolor sit amet, consectetur adipisicing elit, sed do eiusmod tempor incididunt ut labore et dolore magna aliqua. Ut enim ad minim veniam,', 'Lorem ipsum dolor sit amet, consectetur adipisicing elit, sed do eiusmod tempor incididunt ut labore et dolore magna aliqua. Ut enim ad minim veniam,', 1987.63699, '[\"uploads\\/products\\/5e1edaf81eaa0.jpg\"]', 1171, 706, 28, 'Silver', 3, 3, 3, 2018, '2020-01-15 16:14:15', '2020-01-15 16:14:15');
INSERT INTO `products` VALUES (45, 'product3821', 'Will', 'Lorem ipsum dolor sit amet, consectetur adipisicing elit, sed do eiusmod tempor incididunt ut labore et dolore magna aliqua. Ut enim ad minim veniam,', 'Lorem ipsum dolor sit amet, consectetur adipisicing elit, sed do eiusmod tempor incididunt ut labore et dolore magna aliqua. Ut enim ad minim veniam,', 'Lorem ipsum dolor sit amet, consectetur adipisicing elit, sed do eiusmod tempor incididunt ut labore et dolore magna aliqua. Ut enim ad minim veniam,', 1243.647522406, '[\"uploads\\/products\\/5e1edaf81eaa0.jpg\"]', 972.1, 152, 287, 'Gold', 2, 2, 1, 2018, '2020-01-15 16:14:15', '2020-01-15 16:14:15');
INSERT INTO `products` VALUES (46, 'product2950', 'Leuschke', 'Lorem ipsum dolor sit amet, consectetur adipisicing elit, sed do eiusmod tempor incididunt ut labore et dolore magna aliqua. Ut enim ad minim veniam,', 'Lorem ipsum dolor sit amet, consectetur adipisicing elit, sed do eiusmod tempor incididunt ut labore et dolore magna aliqua. Ut enim ad minim veniam,', 'Lorem ipsum dolor sit amet, consectetur adipisicing elit, sed do eiusmod tempor incididunt ut labore et dolore magna aliqua. Ut enim ad minim veniam,', 1164.4101, '[\"uploads\\/products\\/5e1edaf81eaa0.jpg\"]', 921.067369786, 584, 246, 'Rosegold', 2, 2, 3, 2018, '2020-01-15 16:14:15', '2020-01-15 16:14:15');
INSERT INTO `products` VALUES (47, 'product6156', 'Lueilwitz', 'Lorem ipsum dolor sit amet, consectetur adipisicing elit, sed do eiusmod tempor incididunt ut labore et dolore magna aliqua. Ut enim ad minim veniam,', 'Lorem ipsum dolor sit amet, consectetur adipisicing elit, sed do eiusmod tempor incididunt ut labore et dolore magna aliqua. Ut enim ad minim veniam,', 'Lorem ipsum dolor sit amet, consectetur adipisicing elit, sed do eiusmod tempor incididunt ut labore et dolore magna aliqua. Ut enim ad minim veniam,', 1273.22567, '[\"uploads\\/products\\/5e1edaf81eaa0.jpg\"]', 1075.09, 544, 135, 'Silver', 3, 3, 1, 2018, '2020-01-15 16:14:15', '2020-01-15 16:14:15');
INSERT INTO `products` VALUES (48, 'product9446', 'Glover', 'Lorem ipsum dolor sit amet, consectetur adipisicing elit, sed do eiusmod tempor incididunt ut labore et dolore magna aliqua. Ut enim ad minim veniam,', 'Lorem ipsum dolor sit amet, consectetur adipisicing elit, sed do eiusmod tempor incididunt ut labore et dolore magna aliqua. Ut enim ad minim veniam,', 'Lorem ipsum dolor sit amet, consectetur adipisicing elit, sed do eiusmod tempor incididunt ut labore et dolore magna aliqua. Ut enim ad minim veniam,', 1094.963, '[\"uploads\\/products\\/5e1edaf81eaa0.jpg\"]', 901.182287, 375, 182, 'Silver', 2, 2, 2, 2018, '2020-01-15 16:14:15', '2020-01-15 16:14:15');
INSERT INTO `products` VALUES (49, 'product204', 'Ortiz', 'Lorem ipsum dolor sit amet, consectetur adipisicing elit, sed do eiusmod tempor incididunt ut labore et dolore magna aliqua. Ut enim ad minim veniam,', 'Lorem ipsum dolor sit amet, consectetur adipisicing elit, sed do eiusmod tempor incididunt ut labore et dolore magna aliqua. Ut enim ad minim veniam,', 'Lorem ipsum dolor sit amet, consectetur adipisicing elit, sed do eiusmod tempor incididunt ut labore et dolore magna aliqua. Ut enim ad minim veniam,', 1996, '[\"uploads\\/products\\/5e1edaf81eaa0.jpg\"]', 1008.053, 133, 290, 'Grey', 1, 1, 2, 2018, '2020-01-15 16:14:15', '2020-01-15 16:14:15');
INSERT INTO `products` VALUES (50, 'product5388', 'Prosacco', 'Lorem ipsum dolor sit amet, consectetur adipisicing elit, sed do eiusmod tempor incididunt ut labore et dolore magna aliqua. Ut enim ad minim veniam,', 'Lorem ipsum dolor sit amet, consectetur adipisicing elit, sed do eiusmod tempor incididunt ut labore et dolore magna aliqua. Ut enim ad minim veniam,', 'Lorem ipsum dolor sit amet, consectetur adipisicing elit, sed do eiusmod tempor incididunt ut labore et dolore magna aliqua. Ut enim ad minim veniam,', 1392.492379, '[\"uploads\\/products\\/5e1edaf81eaa0.jpg\"]', 964.1377366, 477, 109, 'Pink', 2, 2, 2, 2018, '2020-01-15 16:14:15', '2020-01-15 16:14:15');

-- ----------------------------
-- Table structure for shoppingcart
-- ----------------------------
DROP TABLE IF EXISTS `shoppingcart`;
CREATE TABLE `shoppingcart`  (
  `identifier` varchar(191) CHARACTER SET utf8mb4 COLLATE utf8mb4_unicode_ci NOT NULL,
  `instance` varchar(191) CHARACTER SET utf8mb4 COLLATE utf8mb4_unicode_ci NOT NULL,
  `content` longtext CHARACTER SET utf8mb4 COLLATE utf8mb4_unicode_ci NOT NULL,
  `created_at` timestamp(0) NULL DEFAULT NULL,
  `updated_at` timestamp(0) NULL DEFAULT NULL,
  PRIMARY KEY (`identifier`, `instance`) USING BTREE
) ENGINE = InnoDB CHARACTER SET = utf8mb4 COLLATE = utf8mb4_unicode_ci ROW_FORMAT = Dynamic;

-- ----------------------------
-- Table structure for users
-- ----------------------------
DROP TABLE IF EXISTS `users`;
CREATE TABLE `users`  (
  `id` int(10) UNSIGNED NOT NULL AUTO_INCREMENT,
  `code` varchar(191) CHARACTER SET utf8mb4 COLLATE utf8mb4_unicode_ci NOT NULL,
  `username` varchar(191) CHARACTER SET utf8mb4 COLLATE utf8mb4_unicode_ci NOT NULL,
  `password` varchar(191) CHARACTER SET utf8mb4 COLLATE utf8mb4_unicode_ci NOT NULL,
  `name` varchar(191) CHARACTER SET utf8mb4 COLLATE utf8mb4_unicode_ci NULL DEFAULT NULL,
  `birthday` date NULL DEFAULT NULL,
  `gender` enum('male','female') CHARACTER SET utf8mb4 COLLATE utf8mb4_unicode_ci NULL DEFAULT NULL,
  `email` varchar(191) CHARACTER SET utf8mb4 COLLATE utf8mb4_unicode_ci NOT NULL,
  `address` text CHARACTER SET utf8mb4 COLLATE utf8mb4_unicode_ci NULL,
  `phone` varchar(191) CHARACTER SET utf8mb4 COLLATE utf8mb4_unicode_ci NOT NULL,
  `rule` varchar(191) CHARACTER SET utf8mb4 COLLATE utf8mb4_unicode_ci NULL DEFAULT NULL,
  `status` varchar(191) CHARACTER SET utf8mb4 COLLATE utf8mb4_unicode_ci NULL DEFAULT NULL,
  `remember_token` varchar(100) CHARACTER SET utf8mb4 COLLATE utf8mb4_unicode_ci NULL DEFAULT NULL,
  `created_at` timestamp(0) NULL DEFAULT NULL,
  `updated_at` timestamp(0) NULL DEFAULT NULL,
  PRIMARY KEY (`id`) USING BTREE,
  UNIQUE INDEX `users_code_unique`(`code`) USING BTREE,
  UNIQUE INDEX `users_username_unique`(`username`) USING BTREE,
  UNIQUE INDEX `users_email_unique`(`email`) USING BTREE
) ENGINE = InnoDB AUTO_INCREMENT = 23 CHARACTER SET = utf8mb4 COLLATE = utf8mb4_unicode_ci ROW_FORMAT = Dynamic;

-- ----------------------------
-- Records of users
-- ----------------------------
INSERT INTO `users` VALUES (1, '5e1ed7e4597f5', 'admin', '$2y$10$u2HCsIFdV9kNW/EtQ3S2s.mfjoPW1AbnW7VfOTTiK/.x535LGK.Fy', 'admin', '1997-07-07', 'male', 'admin@gmail.com', 'admin', '0123456789', '1', '1', NULL, '2020-01-15 16:14:12', '2020-01-15 16:14:12');
INSERT INTO `users` VALUES (2, '5e1ed7e4752ab', 'Reichel', '$2y$10$fLMomty1AEqx5MzAWCg1leJx/.I807wUIpki9znnoPGUdZrGwzfv.', 'admin', NULL, 'male', 'federico.schmitt@example.com', '57950 Daugherty Street Suite 520\nPollyhaven, OH 55606-8824', '0384946866', '2', '3', '1HnNcKOLaZ', '2020-01-15 16:14:13', '2020-01-15 16:14:13');
INSERT INTO `users` VALUES (3, '5e1ed7e489f37', 'Herzog', '$2y$10$xgbnI3XMaPyXgF2IHHkiRO60w1qGpxnKRoggxls7lfcZkq0d1m5pu', 'admin', NULL, 'male', 'rcollins@example.com', '9489 Hyatt Port Apt. 623\nEast Israel, KS 84519-1641', '0384946866', '1', '1', 'ZZuFeeBesp', '2020-01-15 16:14:13', '2020-01-15 16:14:13');
INSERT INTO `users` VALUES (4, '5e1ed7e49c185', 'Medhurst', '$2y$10$eLvNuQQH1GaH9KbLUXoK7uv48up0C9cvkdwFoPSfbLdEaYmM9K7.q', 'admin', NULL, 'male', 'clementine76@example.net', '4711 Brisa Pike Suite 987\nPort Ernest, NY 39570-1153', '0384946866', '3', '2', 'I5b8FGiirS', '2020-01-15 16:14:13', '2020-01-15 16:14:13');
INSERT INTO `users` VALUES (5, '5e1ed7e4aea98', 'Conroy', '$2y$10$W4jdtysZBdcxVesvtZSac./rnJtbQIFhgqCLVNjakYWNxVIPPQmmW', 'admin', NULL, 'female', 'jakubowski.nico@example.com', '502 Reichert Mount Suite 187\nNew Mya, CT 60658-3856', '0384946866', '2', '4', '41i5WWxhXD', '2020-01-15 16:14:14', '2020-01-15 16:14:14');
INSERT INTO `users` VALUES (6, '5e1ed7e4c0ef3', 'Wilderman', '$2y$10$kWmXfD91j5/VSD0Xhx0mH..8asfUqNN8aKzZwjZJkorOTsKDBevM6', 'admin', NULL, 'male', 'murphy.mitchel@example.org', '666 Don Lake\nGoldnermouth, NM 69589', '0384946866', '3', '1', '8NQgsnwDvI', '2020-01-15 16:14:14', '2020-01-15 16:14:14');
INSERT INTO `users` VALUES (7, '5e1ed7e4d32d3', 'Bechtelar', '$2y$10$WaUShDWc5u4boPl99WQVse.HsIaCid1DWmKY5k3pP0ekR0hBw8pDK', 'admin', NULL, 'male', 'immanuel.jones@example.com', '99298 Zieme Bridge Apt. 390\nNorth Eloy, NV 87170-8119', '0384946866', '3', '3', '9kCKNOVyiI', '2020-01-15 16:14:14', '2020-01-15 16:14:14');
INSERT INTO `users` VALUES (8, '5e1ed7e4e57af', 'O\'Hara', '$2y$10$Paong1qmfN29.G42L9PWo.95dns4oX.Y/IDN7HrM6PIyjtohB5Xu2', 'admin', NULL, 'female', 'bernhard.delbert@example.com', '192 Angela Parkway Suite 450\nDextermouth, PA 39143', '0384946866', '1', '2', 'BfLDEe7Am0', '2020-01-15 16:14:14', '2020-01-15 16:14:14');
INSERT INTO `users` VALUES (9, '5e1ed7e50359f', 'Rutherford', '$2y$10$PZJI1Oq2rNWKWRDEHaMUPewMngz1jZAc2yq1m680J4WNCLF/uVZc2', 'admin', NULL, 'male', 'valerie46@example.com', '25557 Durgan Pass Apt. 929\nCamrynmouth, VT 01853-7268', '0384946866', '3', '2', 'b3MK3q4KbY', '2020-01-15 16:14:14', '2020-01-15 16:14:14');
INSERT INTO `users` VALUES (10, '5e1ed7e515746', 'Koss', '$2y$10$OWdtUDCSxohdOtxW.GS7aeN0v3AYdfs7W1Yi41GzMmJJXWUOMiblm', 'admin', NULL, 'male', 'darlene18@example.org', '1422 Vida Motorway Apt. 675\nAshafurt, KY 24345-6221', '0384946866', '2', '4', '3G4Wku9hGA', '2020-01-15 16:14:14', '2020-01-15 16:14:14');
INSERT INTO `users` VALUES (11, '5e1ed7e52792d', 'Gutmann', '$2y$10$Mn4U7WbK3FI8gkdB56xiVuD9BAXXhSodJbru0Snp7m3hhhOV3Ms7i', 'admin', NULL, 'male', 'igreen@example.org', '12852 Graciela Garden\nPort Tyreekbury, HI 61750', '0384946866', '1', '3', 'uCLxcQX1ZS', '2020-01-15 16:14:14', '2020-01-15 16:14:14');
INSERT INTO `users` VALUES (12, '5e1ed7e539745', 'King', '$2y$10$BVXDURl3sXFg0Sg2C0NATubOx.RdlrnyMbhahl7XTKhxsWleZ7zty', 'admin', NULL, 'male', 'marianne95@example.net', '995 Jodie Freeway\nJeromeshire, AL 37228', '0384946866', '2', '2', 'FMChlzy6sp', '2020-01-15 16:14:14', '2020-01-15 16:14:14');
INSERT INTO `users` VALUES (13, '5e1ed7e54b531', 'Kovacek', '$2y$10$/2NvP51ztr7ICjJhDLUxG.s3UufagDq7/39khTEU49HvCkrmw7Uqu', 'admin', NULL, 'male', 'kristian.torphy@example.com', '451 Alanna Field Suite 595\nSouth Joseph, NV 67282', '0384946866', '3', '3', 'T7Q4wWDofD', '2020-01-15 16:14:14', '2020-01-15 16:14:14');
INSERT INTO `users` VALUES (14, '5e1ed7e55d2cc', 'Tromp', '$2y$10$c6OaJ1bTfp.3bclJ7AoSQObwynnnZFREUMbXcmF0Q8bl34ctNKUCG', 'admin', NULL, 'male', 'chadrick.bechtelar@example.net', '220 Ebert Port Apt. 983\nSwaniawskitown, NV 79145-1750', '0384946866', '2', '1', 'LJKF1WsjFN', '2020-01-15 16:14:14', '2020-01-15 16:14:14');
INSERT INTO `users` VALUES (15, '5e1ed7e56ecb7', 'Ullrich', '$2y$10$dx7/AvD2fmAKkfiqxTBQMuEI8WD3aJn2MJ98PZ4UcdUbHk6evw0cm', 'admin', NULL, 'male', 'edwin41@example.org', '880 Brenden Drive\nEast Josietown, FL 67148-5493', '0384946866', '1', '3', 'NcTBX23WH6', '2020-01-15 16:14:14', '2020-01-15 16:14:14');
INSERT INTO `users` VALUES (16, '5e1ed7e580ef3', 'Thompson', '$2y$10$QR5HsLIYSJwiib5oEtITd.0zD6HvgzzKIQduWcJUtowXkpiM7YbzK', 'admin', NULL, 'male', 'caroline55@example.net', '6573 Giles Rue Suite 317\nLake Joelle, CA 63898-6645', '0384946866', '1', '4', 'HTVbO7XPrH', '2020-01-15 16:14:14', '2020-01-15 16:14:14');
INSERT INTO `users` VALUES (17, '5e1ed7e592dd4', 'Batz', '$2y$10$OsUWNF56/aePj3iD2cuKyOaBC3iVPsaBZHP/adrB5ETwREln2nmIK', 'admin', NULL, 'female', 'aileen29@example.com', '690 Teresa Harbors\nSchoenshire, SD 96369-8960', '0384946866', '2', '3', 'vsbjOMNP7z', '2020-01-15 16:14:14', '2020-01-15 16:14:14');
INSERT INTO `users` VALUES (18, '5e1ed7e5a48c7', 'Leannon', '$2y$10$f4m2PHXn9sIcm6riAI75Xel5dQxGAbWd8z/xrvor8JGCn9Ho.BNpi', 'admin', NULL, 'male', 'johns.destiny@example.org', '6137 Bogan Isle Suite 888\nPort Cassandrechester, AR 55425', '0384946866', '2', '2', 'rJe5mKZ9yS', '2020-01-15 16:14:14', '2020-01-15 16:14:14');
INSERT INTO `users` VALUES (19, '5e1ed7e5b6650', 'Parisian', '$2y$10$KGgJTPJkTxUQ/BYIC5kyCuwNcIEld09.eRFf7egFseOdf0kdrlmzS', 'admin', NULL, 'female', 'will84@example.net', '301 Mafalda Club\nLake Brice, MA 17933', '0384946866', '3', '2', 'PqU4BdvWZU', '2020-01-15 16:14:14', '2020-01-15 16:14:14');
INSERT INTO `users` VALUES (20, '5e1ed7e5c82bb', 'Kerluke', '$2y$10$mRNHmBy5P27G2x8.EuS34.QPZOyrMkDaWKaBfR44C481LdX.XBmYi', 'admin', NULL, 'female', 'jarret91@example.net', '7277 Lane Haven Apt. 219\nNorth Bennett, IA 65207', '0384946866', '2', '1', 'QcG5z8gR4A', '2020-01-15 16:14:14', '2020-01-15 16:14:14');
INSERT INTO `users` VALUES (21, '5e1ed7e5da074', 'Kemmer', '$2y$10$YkG3rVsQWVRgfBUV1vjkFOtSot7B6Y6mopU05iWajT4sjtBy/JDFO', 'admin', NULL, 'male', 'mccullough.hyman@example.org', '58439 Senger Parkway Suite 053\nTurcotteport, MI 44121', '0384946866', '2', '2', '1Ny5gcmi8R', '2020-01-15 16:14:14', '2020-01-15 16:14:14');
INSERT INTO `users` VALUES (22, '5e1ee1bf70c66', 'tva', '$2y$10$G9mYzvj3hLPMs/cnmFDfyuRlgwa5YS5eaMhudfwgC7Xg7wu3wWV.u', 'Tran Van A', '1995-12-11', 'female', 'tva@gmail.com', 'Ha Noi', '0987496526', '3', '1', NULL, '2020-01-15 16:56:15', '2020-01-15 16:56:15');

SET FOREIGN_KEY_CHECKS = 1;
